component,powertrain,size,euro_class,value
Benzene,BEV,9m,1,0
Ethane,ICEV-d,9m,1,0
Propane,ICEV-d,9m,1,0
Butane,ICEV-d,9m,1,0
Pentane,ICEV-d,9m,1,0
Hexane,ICEV-d,9m,1,0
Cyclohexane,ICEV-d,9m,1,0
Heptane,ICEV-d,9m,1,0
Ethene,ICEV-d,9m,1,0
Propene,ICEV-d,9m,1,0
1-Pentene,ICEV-d,9m,1,0
Toluene,ICEV-d,9m,1,0
m-Xylene,ICEV-d,9m,1,0
o-Xylene,ICEV-d,9m,1,0
Formaldehyde,ICEV-d,9m,1,0
Acetaldehyde,ICEV-d,9m,1,0
Benzaldehyde,ICEV-d,9m,1,0
Acetone,ICEV-d,9m,1,0
Methyl ethyl ketone,ICEV-d,9m,1,0
Acrolein,ICEV-d,9m,1,0
Styrene,ICEV-d,9m,1,0
PAH polycyclic aromatic hydrocarbons,ICEV-d,9m,1,0
Arsenic,ICEV-d,9m,1,0
Selenium,ICEV-d,9m,1,0
Zinc,ICEV-d,9m,1,0
Copper,ICEV-d,9m,1,0
Nickel,ICEV-d,9m,1,0
Chromium,ICEV-d,9m,1,0
Chromium VI,ICEV-d,9m,1,0
Mercury,ICEV-d,9m,1,0
Cadmium,ICEV-d,9m,1,0
Hydrocarbon,ICEV-g,9m,2,0.319218382
Hydrocarbon,ICEV-g,9m,3,0.263082593
Hydrocarbon,ICEV-g,9m,4,0.050247575
Hydrocarbon,ICEV-g,9m,5,0.024576179
Hydrocarbon,ICEV-g,9m,6,0.012032441
Hydrocarbon,ICEV-g,13m-city-double,2,0.425562602
Hydrocarbon,ICEV-g,13m-city-double,3,0.359162045
Hydrocarbon,ICEV-g,13m-city-double,4,0.058805866
Hydrocarbon,ICEV-g,13m-city-double,5,0.024576181
Hydrocarbon,ICEV-g,13m-city-double,6,0.012032441
Carbon monoxide,ICEV-g,9m,2,0.206866872
Carbon monoxide,ICEV-g,9m,3,0.211065975
Carbon monoxide,ICEV-g,9m,4,0.10464252
Carbon monoxide,ICEV-g,9m,5,0.052087488
Carbon monoxide,ICEV-g,9m,6,0.045409837
Carbon monoxide,ICEV-g,13m-city-double,2,0.173170226
Carbon monoxide,ICEV-g,13m-city-double,3,0.193363755
Carbon monoxide,ICEV-g,13m-city-double,4,0.108101542
Carbon monoxide,ICEV-g,13m-city-double,5,0.052087485
Carbon monoxide,ICEV-g,13m-city-double,6,0.045409837
Nitrogen oxides,ICEV-g,9m,2,0.905252423
Nitrogen oxides,ICEV-g,9m,3,0.762339809
Nitrogen oxides,ICEV-g,9m,4,0.647724785
Nitrogen oxides,ICEV-g,9m,5,0.094725025
Nitrogen oxides,ICEV-g,9m,6,0.030144677
Nitrogen oxides,ICEV-g,13m-city-double,2,0.942984564
Nitrogen oxides,ICEV-g,13m-city-double,3,0.770671513
Nitrogen oxides,ICEV-g,13m-city-double,4,0.630859682
Nitrogen oxides,ICEV-g,13m-city-double,5,0.094725032
Nitrogen oxides,ICEV-g,13m-city-double,6,0.030144679
Nitrogen dioxide,ICEV-g,9m,2,0.226313106
Nitrogen dioxide,ICEV-g,9m,3,0.190584952
Nitrogen dioxide,ICEV-g,9m,4,0.161931196
Nitrogen dioxide,ICEV-g,9m,5,0.023681256
Nitrogen dioxide,ICEV-g,9m,6,0.007536169
Nitrogen dioxide,ICEV-g,13m-city-double,2,0.235746141
Nitrogen dioxide,ICEV-g,13m-city-double,3,0.192667878
Nitrogen dioxide,ICEV-g,13m-city-double,4,0.15771492
Nitrogen dioxide,ICEV-g,13m-city-double,5,0.023681258
Nitrogen dioxide,ICEV-g,13m-city-double,6,0.00753617
Methane,ICEV-g,9m,2,0.29368092
Methane,ICEV-g,9m,3,0.242036001
Methane,ICEV-g,9m,4,0.046227773
Methane,ICEV-g,9m,5,0.022610087
Methane,ICEV-g,9m,6,0.011069845
Methane,ICEV-g,13m-city-double,2,0.391517607
Methane,ICEV-g,13m-city-double,3,0.330429099
Methane,ICEV-g,13m-city-double,4,0.054101399
Methane,ICEV-g,13m-city-double,5,0.022610086
Methane,ICEV-g,13m-city-double,6,0.011069846
Non-methane hydrocarbon,ICEV-g,9m,2,0.02553747
Non-methane hydrocarbon,ICEV-g,9m,3,0.021046608
Non-methane hydrocarbon,ICEV-g,9m,4,0.004019806
Non-methane hydrocarbon,ICEV-g,9m,5,0.001966094
Non-methane hydrocarbon,ICEV-g,9m,6,0.000962595
Non-methane hydrocarbon,ICEV-g,13m-city-double,2,0.034045007
Non-methane hydrocarbon,ICEV-g,13m-city-double,3,0.028732964
Non-methane hydrocarbon,ICEV-g,13m-city-double,4,0.004704469
Non-methane hydrocarbon,ICEV-g,13m-city-double,5,0.001966094
Non-methane hydrocarbon,ICEV-g,13m-city-double,6,0.000962595
Lead,ICEV-g,9m,2,0
Lead,ICEV-g,9m,3,0
Lead,ICEV-g,9m,4,0
Lead,ICEV-g,9m,5,0
Lead,ICEV-g,9m,6,0
Lead,ICEV-g,13m-city-double,2,0
Lead,ICEV-g,13m-city-double,3,0
Lead,ICEV-g,13m-city-double,4,0
Lead,ICEV-g,13m-city-double,5,0
Lead,ICEV-g,13m-city-double,6,0
Benzene,ICEV-g,9m,2,0
Benzene,ICEV-g,9m,3,0
Benzene,ICEV-g,9m,4,0
Benzene,ICEV-g,9m,5,0
Benzene,ICEV-g,9m,6,0
Benzene,ICEV-g,13m-city-double,2,0
Benzene,ICEV-g,13m-city-double,3,0
Benzene,ICEV-g,13m-city-double,4,0
Benzene,ICEV-g,13m-city-double,5,0
Benzene,ICEV-g,13m-city-double,6,0
Particulate matters 2.5,ICEV-g,9m,2,0.001940835
Particulate matters 2.5,ICEV-g,9m,3,0.001367893
Particulate matters 2.5,ICEV-g,9m,4,0.000354762
Particulate matters 2.5,ICEV-g,9m,5,0.000406425
Particulate matters 2.5,ICEV-g,9m,6,0.000406425
Particulate matters 2.5,ICEV-g,13m-city-double,2,0.001664703
Particulate matters 2.5,ICEV-g,13m-city-double,3,0.001475071
Particulate matters 2.5,ICEV-g,13m-city-double,4,0.000376194
Particulate matters 2.5,ICEV-g,13m-city-double,5,0.000406425
Particulate matters 2.5,ICEV-g,13m-city-double,6,0.000406425
Hydrocarbon,ICEV-d,9m,0,0.050119494
Hydrocarbon,ICEV-d,9m,0,0.050119494
Hydrocarbon,ICEV-d,9m,0,0.050119494
Hydrocarbon,ICEV-d,9m,0,0.050119494
Hydrocarbon,ICEV-d,13m-city-double,0,0.033061946
Hydrocarbon,ICEV-d,13m-city-double,0,0.033061946
Hydrocarbon,ICEV-d,13m-city-double,0,0.033061946
Hydrocarbon,ICEV-d,13m-city-double,0,0.033061946
Carbon monoxide,ICEV-d,9m,0,0.123453401
Carbon monoxide,ICEV-d,9m,0,0.123453401
Carbon monoxide,ICEV-d,9m,0,0.123453401
Carbon monoxide,ICEV-d,9m,0,0.123453401
Carbon monoxide,ICEV-d,13m-city-double,0,0.096552333
Carbon monoxide,ICEV-d,13m-city-double,0,0.096552333
Carbon monoxide,ICEV-d,13m-city-double,0,0.096552333
Carbon monoxide,ICEV-d,13m-city-double,0,0.096552333
Nitrogen oxides,ICEV-d,9m,0,0.231275009
Nitrogen oxides,ICEV-d,9m,0,0.231275009
Nitrogen oxides,ICEV-d,9m,0,0.231275009
Nitrogen oxides,ICEV-d,9m,0,0.231275009
Nitrogen oxides,ICEV-d,13m-city-double,0,0.297023716
Nitrogen oxides,ICEV-d,13m-city-double,0,0.297023716
Nitrogen oxides,ICEV-d,13m-city-double,0,0.297023716
Nitrogen oxides,ICEV-d,13m-city-double,0,0.297023716
Nitrogen dioxide,ICEV-d,9m,0,0.016189252
Nitrogen dioxide,ICEV-d,9m,0,0.016189252
Nitrogen dioxide,ICEV-d,9m,0,0.016189252
Nitrogen dioxide,ICEV-d,9m,0,0.016189252
Nitrogen dioxide,ICEV-d,13m-city-double,0,0.020791661
Nitrogen dioxide,ICEV-d,13m-city-double,0,0.020791661
Nitrogen dioxide,ICEV-d,13m-city-double,0,0.020791661
Nitrogen dioxide,ICEV-d,13m-city-double,0,0.020791661
Methane,ICEV-d,9m,0,0.001202868
Methane,ICEV-d,9m,0,0.001202868
Methane,ICEV-d,9m,0,0.001202868
Methane,ICEV-d,9m,0,0.001202868
Methane,ICEV-d,13m-city-double,0,0.000793487
Methane,ICEV-d,13m-city-double,0,0.000793487
Methane,ICEV-d,13m-city-double,0,0.000793487
Methane,ICEV-d,13m-city-double,0,0.000793487
Non-methane hydrocarbon,ICEV-d,9m,0,0.048916625
Non-methane hydrocarbon,ICEV-d,9m,0,0.048916625
Non-methane hydrocarbon,ICEV-d,9m,0,0.048916625
Non-methane hydrocarbon,ICEV-d,9m,0,0.048916625
Non-methane hydrocarbon,ICEV-d,13m-city-double,0,0.032268459
Non-methane hydrocarbon,ICEV-d,13m-city-double,0,0.032268459
Non-methane hydrocarbon,ICEV-d,13m-city-double,0,0.032268459
Non-methane hydrocarbon,ICEV-d,13m-city-double,0,0.032268459
Lead,ICEV-d,9m,0,0
Lead,ICEV-d,9m,0,0
Lead,ICEV-d,9m,0,0
Lead,ICEV-d,9m,0,0
Lead,ICEV-d,13m-city-double,0,0
Lead,ICEV-d,13m-city-double,0,0
Lead,ICEV-d,13m-city-double,0,0
Lead,ICEV-d,13m-city-double,0,0
Dinitrogen oxide,ICEV-d,9m,0,0.000287059
Dinitrogen oxide,ICEV-d,9m,0,0.000287059
Dinitrogen oxide,ICEV-d,9m,0,0.000287059
Dinitrogen oxide,ICEV-d,9m,0,0.000287059
Dinitrogen oxide,ICEV-d,13m-city-double,0,0.000202381
Dinitrogen oxide,ICEV-d,13m-city-double,0,0.000202381
Dinitrogen oxide,ICEV-d,13m-city-double,0,0.000202381
Dinitrogen oxide,ICEV-d,13m-city-double,0,0.000202381
Ammonia,ICEV-d,9m,0,4.78E-05
Ammonia,ICEV-d,9m,0,4.78E-05
Ammonia,ICEV-d,9m,0,4.78E-05
Ammonia,ICEV-d,9m,0,4.78E-05
Ammonia,ICEV-d,13m-city-double,0,3.37E-05
Ammonia,ICEV-d,13m-city-double,0,3.37E-05
Ammonia,ICEV-d,13m-city-double,0,3.37E-05
Ammonia,ICEV-d,13m-city-double,0,3.37E-05
Benzene,ICEV-d,9m,0,0.000836996
Benzene,ICEV-d,9m,0,0.000836996
Benzene,ICEV-d,9m,0,0.000836996
Benzene,ICEV-d,9m,0,0.000836996
Benzene,ICEV-d,13m-city-double,0,0.000552135
Benzene,ICEV-d,13m-city-double,0,0.000552135
Benzene,ICEV-d,13m-city-double,0,0.000552135
Benzene,ICEV-d,13m-city-double,0,0.000552135
Particulate matters 2.5,ICEV-d,9m,0,0.018981233
Particulate matters 2.5,ICEV-d,9m,0,0.018981233
Particulate matters 2.5,ICEV-d,9m,0,0.018981233
Particulate matters 2.5,ICEV-d,9m,0,0.018981233
Particulate matters 2.5,ICEV-d,13m-city-double,0,0.013948896
Particulate matters 2.5,ICEV-d,13m-city-double,0,0.013948896
Particulate matters 2.5,ICEV-d,13m-city-double,0,0.013948896
Particulate matters 2.5,ICEV-d,13m-city-double,0,0.013948896
Hydrocarbon,ICEV-d,9m,1,0.021230525
Hydrocarbon,ICEV-d,9m,1,0.007006073
Hydrocarbon,ICEV-d,13m-city-double,1,0.02875761
Hydrocarbon,ICEV-d,13m-city-double,1,0.009490012
Carbon monoxide,ICEV-d,9m,1,0.106495208
Carbon monoxide,ICEV-d,9m,1,0.035143419
Carbon monoxide,ICEV-d,13m-city-double,1,0.094663117
Carbon monoxide,ICEV-d,13m-city-double,1,0.03123883
Nitrogen oxides,ICEV-d,9m,1,0.352808356
Nitrogen oxides,ICEV-d,9m,1,0.352808356
Nitrogen oxides,ICEV-d,13m-city-double,1,0.364909367
Nitrogen oxides,ICEV-d,13m-city-double,1,0.364909367
Nitrogen dioxide,ICEV-d,9m,1,0.024696586
Nitrogen dioxide,ICEV-d,9m,1,0.088202089
Nitrogen dioxide,ICEV-d,13m-city-double,1,0.025543655
Nitrogen dioxide,ICEV-d,13m-city-double,1,0.091227342
Methane,ICEV-d,9m,1,0.000509533
Methane,ICEV-d,9m,1,0.000168146
Methane,ICEV-d,13m-city-double,1,0.000690183
Methane,ICEV-d,13m-city-double,1,0.00022776
Non-methane hydrocarbon,ICEV-d,9m,1,0.020720993
Non-methane hydrocarbon,ICEV-d,9m,1,0.006837928
Non-methane hydrocarbon,ICEV-d,13m-city-double,1,0.028067428
Non-methane hydrocarbon,ICEV-d,13m-city-double,1,0.009262251
Lead,ICEV-d,9m,1,0
Lead,ICEV-d,9m,1,0
Lead,ICEV-d,13m-city-double,1,0
Lead,ICEV-d,13m-city-double,1,0
Dinitrogen oxide,ICEV-d,9m,1,0.00059101
Dinitrogen oxide,ICEV-d,9m,1,0.00059101
Dinitrogen oxide,ICEV-d,13m-city-double,1,0.000415811
Dinitrogen oxide,ICEV-d,13m-city-double,1,0.000415811
Ammonia,ICEV-d,9m,1,0.000142827
Ammonia,ICEV-d,9m,1,0.000142827
Ammonia,ICEV-d,13m-city-double,1,0.000100488
Ammonia,ICEV-d,13m-city-double,1,0.000100488
Benzene,ICEV-d,9m,1,0.00035455
Benzene,ICEV-d,9m,1,0.000117001
Benzene,ICEV-d,13m-city-double,1,0.000480252
Benzene,ICEV-d,13m-city-double,1,0.000158483
Particulate matters 2.5,ICEV-d,9m,1,0.0177441
Particulate matters 2.5,ICEV-d,9m,1,0.004613466
Particulate matters 2.5,ICEV-d,13m-city-double,1,0.018344536
Particulate matters 2.5,ICEV-d,13m-city-double,1,0.004769579
Hydrocarbon,ICEV-d,9m,2,0.013708943
Hydrocarbon,ICEV-d,9m,2,0.004523951
Hydrocarbon,ICEV-d,13m-city-double,2,0.018275932
Hydrocarbon,ICEV-d,13m-city-double,2,0.006031058
Carbon monoxide,ICEV-d,9m,2,0.092567261
Carbon monoxide,ICEV-d,9m,2,0.030547196
Carbon monoxide,ICEV-d,13m-city-double,2,0.077488936
Carbon monoxide,ICEV-d,13m-city-double,2,0.025571351
Nitrogen oxides,ICEV-d,9m,2,0.37661469
Nitrogen oxides,ICEV-d,9m,2,0.37661469
Nitrogen oxides,ICEV-d,13m-city-double,2,0.392312521
Nitrogen oxides,ICEV-d,13m-city-double,2,0.392312521
Nitrogen dioxide,ICEV-d,9m,2,0.026363028
Nitrogen dioxide,ICEV-d,9m,2,0.094153673
Nitrogen dioxide,ICEV-d,13m-city-double,2,0.027461876
Nitrogen dioxide,ICEV-d,13m-city-double,2,0.09807813
Methane,ICEV-d,9m,2,0.000329015
Methane,ICEV-d,9m,2,0.000108575
Methane,ICEV-d,13m-city-double,2,0.000438622
Methane,ICEV-d,13m-city-double,2,0.000144745
Non-methane hydrocarbon,ICEV-d,9m,2,0.013379928
Non-methane hydrocarbon,ICEV-d,9m,2,0.004415376
Non-methane hydrocarbon,ICEV-d,13m-city-double,2,0.017837311
Non-methane hydrocarbon,ICEV-d,13m-city-double,2,0.005886312
Lead,ICEV-d,9m,2,0
Lead,ICEV-d,9m,2,0
Lead,ICEV-d,13m-city-double,2,0
Lead,ICEV-d,13m-city-double,2,0
Dinitrogen oxide,ICEV-d,9m,2,0.00040429
Dinitrogen oxide,ICEV-d,9m,2,0.00040429
Dinitrogen oxide,ICEV-d,13m-city-double,2,0.000282326
Dinitrogen oxide,ICEV-d,13m-city-double,2,0.000282326
Ammonia,ICEV-d,9m,2,0.000150501
Ammonia,ICEV-d,9m,2,0.000150501
Ammonia,ICEV-d,13m-city-double,2,0.000105099
Ammonia,ICEV-d,13m-city-double,2,0.000105099
Benzene,ICEV-d,9m,2,0.000228939
Benzene,ICEV-d,9m,2,7.56E-05
Benzene,ICEV-d,13m-city-double,2,0.000305208
Benzene,ICEV-d,13m-city-double,2,0.000100719
Particulate matters 2.5,ICEV-d,9m,2,0.010247204
Particulate matters 2.5,ICEV-d,9m,2,0.002664273
Particulate matters 2.5,ICEV-d,13m-city-double,2,0.008789285
Particulate matters 2.5,ICEV-d,13m-city-double,2,0.002285214
Hydrocarbon,ICEV-d,9m,3,0.011652271
Hydrocarbon,ICEV-d,9m,3,0.00384525
Hydrocarbon,ICEV-d,13m-city-double,3,0.015907756
Hydrocarbon,ICEV-d,13m-city-double,3,0.00524956
Carbon monoxide,ICEV-d,9m,3,0.095124091
Carbon monoxide,ICEV-d,9m,3,0.031390952
Carbon monoxide,ICEV-d,13m-city-double,3,0.087145982
Carbon monoxide,ICEV-d,13m-city-double,3,0.028758176
Nitrogen oxides,ICEV-d,9m,3,0.318308773
Nitrogen oxides,ICEV-d,9m,3,0.318308773
Nitrogen oxides,ICEV-d,13m-city-double,3,0.321787638
Nitrogen oxides,ICEV-d,13m-city-double,3,0.321787638
Nitrogen dioxide,ICEV-d,9m,3,0.022281614
Nitrogen dioxide,ICEV-d,9m,3,0.095492633
Nitrogen dioxide,ICEV-d,13m-city-double,3,0.022525133
Nitrogen dioxide,ICEV-d,13m-city-double,3,0.096536291
Methane,ICEV-d,9m,3,0.000279655
Methane,ICEV-d,9m,3,9.23E-05
Methane,ICEV-d,13m-city-double,3,0.000381786
Methane,ICEV-d,13m-city-double,3,0.000125989
Non-methane hydrocarbon,ICEV-d,9m,3,0.011372617
Non-methane hydrocarbon,ICEV-d,9m,3,0.003752964
Non-methane hydrocarbon,ICEV-d,13m-city-double,3,0.01552597
Non-methane hydrocarbon,ICEV-d,13m-city-double,3,0.005123571
Lead,ICEV-d,9m,3,0
Lead,ICEV-d,9m,3,0
Lead,ICEV-d,13m-city-double,3,0
Lead,ICEV-d,13m-city-double,3,0
Dinitrogen oxide,ICEV-d,9m,3,0.000253557
Dinitrogen oxide,ICEV-d,9m,3,0.000253557
Dinitrogen oxide,ICEV-d,13m-city-double,3,0.000178576
Dinitrogen oxide,ICEV-d,13m-city-double,3,0.000178576
Ammonia,ICEV-d,9m,3,0.000145963
Ammonia,ICEV-d,9m,3,0.000145963
Ammonia,ICEV-d,13m-city-double,3,0.0001028
Ammonia,ICEV-d,13m-city-double,3,0.0001028
Benzene,ICEV-d,9m,3,0.000194593
Benzene,ICEV-d,9m,3,6.42E-05
Benzene,ICEV-d,13m-city-double,3,0.00026566
Benzene,ICEV-d,13m-city-double,3,8.77E-05
Particulate matters 2.5,ICEV-d,9m,3,0.007429126
Particulate matters 2.5,ICEV-d,9m,3,0.001931572
Particulate matters 2.5,ICEV-d,13m-city-double,3,0.008011221
Particulate matters 2.5,ICEV-d,13m-city-double,3,0.002082917
Hydrocarbon,ICEV-d,9m,4,0.000769566
Hydrocarbon,ICEV-d,9m,4,0.000317987
Hydrocarbon,ICEV-d,9m,4,0.000317987
Hydrocarbon,ICEV-d,9m,4,3.85E-05
Hydrocarbon,ICEV-d,9m,4,1.59E-05
Hydrocarbon,ICEV-d,9m,4,1.59E-05
Hydrocarbon,ICEV-d,13m-city-double,4,0.00090019
Hydrocarbon,ICEV-d,13m-city-double,4,0.000390541
Hydrocarbon,ICEV-d,13m-city-double,4,0.000390541
Hydrocarbon,ICEV-d,13m-city-double,4,4.50E-05
Hydrocarbon,ICEV-d,13m-city-double,4,1.95E-05
Hydrocarbon,ICEV-d,13m-city-double,4,1.95E-05
Carbon monoxide,ICEV-d,9m,4,0.016026505
Carbon monoxide,ICEV-d,9m,4,0.044752812
Carbon monoxide,ICEV-d,9m,4,0.044752812
Carbon monoxide,ICEV-d,9m,4,0.002724506
Carbon monoxide,ICEV-d,9m,4,0.007607978
Carbon monoxide,ICEV-d,9m,4,0.007607978
Carbon monoxide,ICEV-d,13m-city-double,4,0.01654799
Carbon monoxide,ICEV-d,13m-city-double,4,0.044141488
Carbon monoxide,ICEV-d,13m-city-double,4,0.044141488
Carbon monoxide,ICEV-d,13m-city-double,4,0.002813158
Carbon monoxide,ICEV-d,13m-city-double,4,0.007504053
Carbon monoxide,ICEV-d,13m-city-double,4,0.007504053
Nitrogen oxides,ICEV-d,9m,4,0.091571231
Nitrogen oxides,ICEV-d,9m,4,0.061479912
Nitrogen oxides,ICEV-d,9m,4,0.126523929
Nitrogen oxides,ICEV-d,9m,4,0.091571231
Nitrogen oxides,ICEV-d,9m,4,0.061479912
Nitrogen oxides,ICEV-d,9m,4,0.126523929
Nitrogen oxides,ICEV-d,13m-city-double,4,0.089142351
Nitrogen oxides,ICEV-d,13m-city-double,4,0.072442377
Nitrogen oxides,ICEV-d,13m-city-double,4,0.129505554
Nitrogen oxides,ICEV-d,13m-city-double,4,0.089142351
Nitrogen oxides,ICEV-d,13m-city-double,4,0.072442377
Nitrogen oxides,ICEV-d,13m-city-double,4,0.129505554
Nitrogen dioxide,ICEV-d,9m,4,0.019229958
Nitrogen dioxide,ICEV-d,9m,4,0.004303594
Nitrogen dioxide,ICEV-d,9m,4,0.008856675
Nitrogen dioxide,ICEV-d,9m,4,0.022892808
Nitrogen dioxide,ICEV-d,9m,4,0.015369978
Nitrogen dioxide,ICEV-d,9m,4,0.031630982
Nitrogen dioxide,ICEV-d,13m-city-double,4,0.018719893
Nitrogen dioxide,ICEV-d,13m-city-double,4,0.005070966
Nitrogen dioxide,ICEV-d,13m-city-double,4,0.009065388
Nitrogen dioxide,ICEV-d,13m-city-double,4,0.022285588
Nitrogen dioxide,ICEV-d,13m-city-double,4,0.018110594
Nitrogen dioxide,ICEV-d,13m-city-double,4,0.032376389
Methane,ICEV-d,9m,4,1.85E-05
Methane,ICEV-d,9m,4,7.63E-06
Methane,ICEV-d,9m,4,7.63E-06
Methane,ICEV-d,9m,4,9.23E-07
Methane,ICEV-d,9m,4,3.82E-07
Methane,ICEV-d,9m,4,3.82E-07
Methane,ICEV-d,13m-city-double,4,2.16E-05
Methane,ICEV-d,13m-city-double,4,9.37E-06
Methane,ICEV-d,13m-city-double,4,9.37E-06
Methane,ICEV-d,13m-city-double,4,1.08E-06
Methane,ICEV-d,13m-city-double,4,4.69E-07
Methane,ICEV-d,13m-city-double,4,4.69E-07
Non-methane hydrocarbon,ICEV-d,9m,4,0.000751096
Non-methane hydrocarbon,ICEV-d,9m,4,0.000310355
Non-methane hydrocarbon,ICEV-d,9m,4,0.000310355
Non-methane hydrocarbon,ICEV-d,9m,4,3.76E-05
Non-methane hydrocarbon,ICEV-d,9m,4,1.55E-05
Non-methane hydrocarbon,ICEV-d,9m,4,1.55E-05
Non-methane hydrocarbon,ICEV-d,13m-city-double,4,0.000878585
Non-methane hydrocarbon,ICEV-d,13m-city-double,4,0.000381168
Non-methane hydrocarbon,ICEV-d,13m-city-double,4,0.000381168
Non-methane hydrocarbon,ICEV-d,13m-city-double,4,4.39E-05
Non-methane hydrocarbon,ICEV-d,13m-city-double,4,1.91E-05
Non-methane hydrocarbon,ICEV-d,13m-city-double,4,1.91E-05
Lead,ICEV-d,9m,4,0
Lead,ICEV-d,9m,4,0
Lead,ICEV-d,9m,4,0
Lead,ICEV-d,9m,4,0
Lead,ICEV-d,9m,4,0
Lead,ICEV-d,9m,4,0
Lead,ICEV-d,13m-city-double,4,0
Lead,ICEV-d,13m-city-double,4,0
Lead,ICEV-d,13m-city-double,4,0
Lead,ICEV-d,13m-city-double,4,0
Lead,ICEV-d,13m-city-double,4,0
Lead,ICEV-d,13m-city-double,4,0
Dinitrogen oxide,ICEV-d,9m,4,0.000287451
Dinitrogen oxide,ICEV-d,9m,4,0.000287451
Dinitrogen oxide,ICEV-d,9m,4,0.000287451
Dinitrogen oxide,ICEV-d,9m,4,0.000287451
Dinitrogen oxide,ICEV-d,9m,4,0.000287451
Dinitrogen oxide,ICEV-d,9m,4,0.000287451
Dinitrogen oxide,ICEV-d,13m-city-double,4,0.000197982
Dinitrogen oxide,ICEV-d,13m-city-double,4,0.000197982
Dinitrogen oxide,ICEV-d,13m-city-double,4,0.000197982
Dinitrogen oxide,ICEV-d,13m-city-double,4,0.000197982
Dinitrogen oxide,ICEV-d,13m-city-double,4,0.000197982
Dinitrogen oxide,ICEV-d,13m-city-double,4,0.000197982
Ammonia,ICEV-d,9m,4,5.20E-05
Ammonia,ICEV-d,9m,4,5.20E-05
Ammonia,ICEV-d,9m,4,5.20E-05
Ammonia,ICEV-d,9m,4,5.20E-05
Ammonia,ICEV-d,9m,4,5.20E-05
Ammonia,ICEV-d,9m,4,5.20E-05
Ammonia,ICEV-d,13m-city-double,4,3.58E-05
Ammonia,ICEV-d,13m-city-double,4,3.58E-05
Ammonia,ICEV-d,13m-city-double,4,3.58E-05
Ammonia,ICEV-d,13m-city-double,4,3.58E-05
Ammonia,ICEV-d,13m-city-double,4,3.58E-05
Ammonia,ICEV-d,13m-city-double,4,3.58E-05
Benzene,ICEV-d,9m,4,1.29E-05
Benzene,ICEV-d,9m,4,5.31E-06
Benzene,ICEV-d,9m,4,5.31E-06
Benzene,ICEV-d,9m,4,6.43E-07
Benzene,ICEV-d,9m,4,2.66E-07
Benzene,ICEV-d,9m,4,2.66E-07
Benzene,ICEV-d,13m-city-double,4,1.50E-05
Benzene,ICEV-d,13m-city-double,4,6.52E-06
Benzene,ICEV-d,13m-city-double,4,6.52E-06
Benzene,ICEV-d,13m-city-double,4,7.52E-07
Benzene,ICEV-d,13m-city-double,4,3.26E-07
Benzene,ICEV-d,13m-city-double,4,3.26E-07
Particulate matters 2.5,ICEV-d,9m,4,0.000651711
Particulate matters 2.5,ICEV-d,9m,4,0.000744867
Particulate matters 2.5,ICEV-d,9m,4,0.000744867
Particulate matters 2.5,ICEV-d,9m,4,4.56E-05
Particulate matters 2.5,ICEV-d,9m,4,2.98E-05
Particulate matters 2.5,ICEV-d,9m,4,2.98E-05
Particulate matters 2.5,ICEV-d,13m-city-double,4,0.000690736
Particulate matters 2.5,ICEV-d,13m-city-double,4,0.000822497
Particulate matters 2.5,ICEV-d,13m-city-double,4,0.000822497
Particulate matters 2.5,ICEV-d,13m-city-double,4,4.84E-05
Particulate matters 2.5,ICEV-d,13m-city-double,4,3.29E-05
Particulate matters 2.5,ICEV-d,13m-city-double,4,3.29E-05
Hydrocarbon,ICEV-d,9m,5,0.001219288
Hydrocarbon,ICEV-d,9m,5,0.000327791
Hydrocarbon,ICEV-d,9m,5,0.000327791
Hydrocarbon,ICEV-d,9m,5,6.10E-05
Hydrocarbon,ICEV-d,9m,5,1.64E-05
Hydrocarbon,ICEV-d,9m,5,1.64E-05
Hydrocarbon,ICEV-d,13m-city-double,5,0.001472121
Hydrocarbon,ICEV-d,13m-city-double,5,0.000401934
Hydrocarbon,ICEV-d,13m-city-double,5,0.000401934
Hydrocarbon,ICEV-d,13m-city-double,5,7.36E-05
Hydrocarbon,ICEV-d,13m-city-double,5,2.01E-05
Hydrocarbon,ICEV-d,13m-city-double,5,2.01E-05
Carbon monoxide,ICEV-d,9m,5,0.01405733
Carbon monoxide,ICEV-d,9m,5,0.04148555
Carbon monoxide,ICEV-d,9m,5,0.04148555
Carbon monoxide,ICEV-d,9m,5,0.002389746
Carbon monoxide,ICEV-d,9m,5,0.007052544
Carbon monoxide,ICEV-d,9m,5,0.007052544
Carbon monoxide,ICEV-d,13m-city-double,5,0.014845665
Carbon monoxide,ICEV-d,13m-city-double,5,0.041254346
Carbon monoxide,ICEV-d,13m-city-double,5,0.041254346
Carbon monoxide,ICEV-d,13m-city-double,5,0.002523763
Carbon monoxide,ICEV-d,13m-city-double,5,0.007013239
Carbon monoxide,ICEV-d,13m-city-double,5,0.007013239
Nitrogen oxides,ICEV-d,9m,5,0.07265248
Nitrogen oxides,ICEV-d,9m,5,0.043474791
Nitrogen oxides,ICEV-d,9m,5,0.13088603
Nitrogen oxides,ICEV-d,9m,5,0.07265248
Nitrogen oxides,ICEV-d,9m,5,0.043474791
Nitrogen oxides,ICEV-d,9m,5,0.13088603
Nitrogen oxides,ICEV-d,13m-city-double,5,0.074011959
Nitrogen oxides,ICEV-d,13m-city-double,5,0.052221392
Nitrogen oxides,ICEV-d,13m-city-double,5,0.133289421
Nitrogen oxides,ICEV-d,13m-city-double,5,0.074011959
Nitrogen oxides,ICEV-d,13m-city-double,5,0.052221392
Nitrogen oxides,ICEV-d,13m-city-double,5,0.133289421
Nitrogen dioxide,ICEV-d,9m,5,0.01525702
Nitrogen dioxide,ICEV-d,9m,5,0.003043236
Nitrogen dioxide,ICEV-d,9m,5,0.009162023
Nitrogen dioxide,ICEV-d,9m,5,0.01816312
Nitrogen dioxide,ICEV-d,9m,5,0.010868698
Nitrogen dioxide,ICEV-d,9m,5,0.032721507
Nitrogen dioxide,ICEV-d,13m-city-double,5,0.01554251
Nitrogen dioxide,ICEV-d,13m-city-double,5,0.003655497
Nitrogen dioxide,ICEV-d,13m-city-double,5,0.00933026
Nitrogen dioxide,ICEV-d,13m-city-double,5,0.01850299
Nitrogen dioxide,ICEV-d,13m-city-double,5,0.013055348
Nitrogen dioxide,ICEV-d,13m-city-double,5,0.033322355
Methane,ICEV-d,9m,5,2.93E-05
Methane,ICEV-d,9m,5,7.87E-06
Methane,ICEV-d,9m,5,7.87E-06
Methane,ICEV-d,9m,5,1.46E-06
Methane,ICEV-d,9m,5,3.93E-07
Methane,ICEV-d,9m,5,3.93E-07
Methane,ICEV-d,13m-city-double,5,3.53E-05
Methane,ICEV-d,13m-city-double,5,9.65E-06
Methane,ICEV-d,13m-city-double,5,9.65E-06
Methane,ICEV-d,13m-city-double,5,1.77E-06
Methane,ICEV-d,13m-city-double,5,4.82E-07
Methane,ICEV-d,13m-city-double,5,4.82E-07
Non-methane hydrocarbon,ICEV-d,9m,5,0.001190026
Non-methane hydrocarbon,ICEV-d,9m,5,0.000319924
Non-methane hydrocarbon,ICEV-d,9m,5,0.000319924
Non-methane hydrocarbon,ICEV-d,9m,5,5.95E-05
Non-methane hydrocarbon,ICEV-d,9m,5,1.60E-05
Non-methane hydrocarbon,ICEV-d,9m,5,1.60E-05
Non-methane hydrocarbon,ICEV-d,13m-city-double,5,0.00143679
Non-methane hydrocarbon,ICEV-d,13m-city-double,5,0.000392288
Non-methane hydrocarbon,ICEV-d,13m-city-double,5,0.000392288
Non-methane hydrocarbon,ICEV-d,13m-city-double,5,7.18E-05
Non-methane hydrocarbon,ICEV-d,13m-city-double,5,1.96E-05
Non-methane hydrocarbon,ICEV-d,13m-city-double,5,1.96E-05
Lead,ICEV-d,9m,5,0
Lead,ICEV-d,9m,5,0
Lead,ICEV-d,9m,5,0
Lead,ICEV-d,9m,5,0
Lead,ICEV-d,9m,5,0
Lead,ICEV-d,9m,5,0
Lead,ICEV-d,13m-city-double,5,0
Lead,ICEV-d,13m-city-double,5,0
Lead,ICEV-d,13m-city-double,5,0
Lead,ICEV-d,13m-city-double,5,0
Lead,ICEV-d,13m-city-double,5,0
Lead,ICEV-d,13m-city-double,5,0
Dinitrogen oxide,ICEV-d,9m,5,0.000939846
Dinitrogen oxide,ICEV-d,9m,5,0.000939846
Dinitrogen oxide,ICEV-d,9m,5,0.000939846
Dinitrogen oxide,ICEV-d,9m,5,0.000939846
Dinitrogen oxide,ICEV-d,9m,5,0.000939846
Dinitrogen oxide,ICEV-d,9m,5,0.000939846
Dinitrogen oxide,ICEV-d,13m-city-double,5,0.000651216
Dinitrogen oxide,ICEV-d,13m-city-double,5,0.000651216
Dinitrogen oxide,ICEV-d,13m-city-double,5,0.000651216
Dinitrogen oxide,ICEV-d,13m-city-double,5,0.000651216
Dinitrogen oxide,ICEV-d,13m-city-double,5,0.000651216
Dinitrogen oxide,ICEV-d,13m-city-double,5,0.000651216
Ammonia,ICEV-d,9m,5,0.000206847
Ammonia,ICEV-d,9m,5,0.000206847
Ammonia,ICEV-d,9m,5,0.000206847
Ammonia,ICEV-d,9m,5,0.000206847
Ammonia,ICEV-d,9m,5,0.000206847
Ammonia,ICEV-d,9m,5,0.000206847
Ammonia,ICEV-d,13m-city-double,5,0.000143323
Ammonia,ICEV-d,13m-city-double,5,0.000143323
Ammonia,ICEV-d,13m-city-double,5,0.000143323
Ammonia,ICEV-d,13m-city-double,5,0.000143323
Ammonia,ICEV-d,13m-city-double,5,0.000143323
Ammonia,ICEV-d,13m-city-double,5,0.000143323
Benzene,ICEV-d,9m,5,2.04E-05
Benzene,ICEV-d,9m,5,5.47E-06
Benzene,ICEV-d,9m,5,5.47E-06
Benzene,ICEV-d,9m,5,1.02E-06
Benzene,ICEV-d,9m,5,2.74E-07
Benzene,ICEV-d,9m,5,2.74E-07
Benzene,ICEV-d,13m-city-double,5,2.46E-05
Benzene,ICEV-d,13m-city-double,5,6.71E-06
Benzene,ICEV-d,13m-city-double,5,6.71E-06
Benzene,ICEV-d,13m-city-double,5,1.23E-06
Benzene,ICEV-d,13m-city-double,5,3.36E-07
Benzene,ICEV-d,13m-city-double,5,3.36E-07
Particulate matters 2.5,ICEV-d,9m,5,0.000425895
Particulate matters 2.5,ICEV-d,9m,5,0.000751447
Particulate matters 2.5,ICEV-d,9m,5,0.000751447
Particulate matters 2.5,ICEV-d,9m,5,2.98E-05
Particulate matters 2.5,ICEV-d,9m,5,3.01E-05
Particulate matters 2.5,ICEV-d,9m,5,3.01E-05
Particulate matters 2.5,ICEV-d,13m-city-double,5,0.000537391
Particulate matters 2.5,ICEV-d,13m-city-double,5,0.000831055
Particulate matters 2.5,ICEV-d,13m-city-double,5,0.000831055
Particulate matters 2.5,ICEV-d,13m-city-double,5,3.76E-05
Particulate matters 2.5,ICEV-d,13m-city-double,5,3.32E-05
Particulate matters 2.5,ICEV-d,13m-city-double,5,3.32E-05
Hydrocarbon,ICEV-d,9m,6,0.000221692
Hydrocarbon,ICEV-d,9m,6,0.000221692
Hydrocarbon,ICEV-d,9m,6,0.000307498
Hydrocarbon,ICEV-d,9m,6,0.000307498
Hydrocarbon,ICEV-d,13m-city-double,6,0.000251055
Hydrocarbon,ICEV-d,13m-city-double,6,0.000251055
Hydrocarbon,ICEV-d,13m-city-double,6,0.000434829
Hydrocarbon,ICEV-d,13m-city-double,6,0.000434829
Hydrocarbon,ICEV-d,9m,6,0.000617224
Hydrocarbon,ICEV-d,9m,6,0.000250892
Hydrocarbon,ICEV-d,9m,6,0.000221692
Hydrocarbon,ICEV-d,9m,6,0.000221692
Hydrocarbon,ICEV-d,13m-city-double,6,0.000450707
Hydrocarbon,ICEV-d,13m-city-double,6,0.000324211
Hydrocarbon,ICEV-d,13m-city-double,6,0.000251055
Hydrocarbon,ICEV-d,13m-city-double,6,0.000251055
Carbon monoxide,ICEV-d,9m,6,0.002379879
Carbon monoxide,ICEV-d,9m,6,0.002379879
Carbon monoxide,ICEV-d,9m,6,0.001865179
Carbon monoxide,ICEV-d,9m,6,0.001865179
Carbon monoxide,ICEV-d,13m-city-double,6,0.002818648
Carbon monoxide,ICEV-d,13m-city-double,6,0.002818648
Carbon monoxide,ICEV-d,13m-city-double,6,0.001766666
Carbon monoxide,ICEV-d,13m-city-double,6,0.001766666
Carbon monoxide,ICEV-d,9m,6,0.012853926
Carbon monoxide,ICEV-d,9m,6,0.031753066
Carbon monoxide,ICEV-d,9m,6,0.002379879
Carbon monoxide,ICEV-d,9m,6,0.002379879
Carbon monoxide,ICEV-d,13m-city-double,6,0.009386139
Carbon monoxide,ICEV-d,13m-city-double,6,0.033276816
Carbon monoxide,ICEV-d,13m-city-double,6,0.002818648
Carbon monoxide,ICEV-d,13m-city-double,6,0.002818648
Nitrogen oxides,ICEV-d,9m,6,0.006482662
Nitrogen oxides,ICEV-d,9m,6,0.062533967
Nitrogen oxides,ICEV-d,9m,6,0.00145161
Nitrogen oxides,ICEV-d,9m,6,0.075477491
Nitrogen oxides,ICEV-d,13m-city-double,6,0.008514025
Nitrogen oxides,ICEV-d,13m-city-double,6,0.066060572
Nitrogen oxides,ICEV-d,13m-city-double,6,0.001915915
Nitrogen oxides,ICEV-d,13m-city-double,6,0.080545571
Nitrogen oxides,ICEV-d,9m,6,0.073443953
Nitrogen oxides,ICEV-d,9m,6,0.033275633
Nitrogen oxides,ICEV-d,9m,6,0.003027937
Nitrogen oxides,ICEV-d,9m,6,0.003027937
Nitrogen oxides,ICEV-d,13m-city-double,6,0.053629929
Nitrogen oxides,ICEV-d,13m-city-double,6,0.042123116
Nitrogen oxides,ICEV-d,13m-city-double,6,0.00267353
Nitrogen oxides,ICEV-d,13m-city-double,6,0.00267353
Nitrogen dioxide,ICEV-d,9m,6,0.001815145
Nitrogen dioxide,ICEV-d,9m,6,0.01750951
Nitrogen dioxide,ICEV-d,9m,6,0.000406451
Nitrogen dioxide,ICEV-d,9m,6,0.021133698
Nitrogen dioxide,ICEV-d,13m-city-double,6,0.002383927
Nitrogen dioxide,ICEV-d,13m-city-double,6,0.01849696
Nitrogen dioxide,ICEV-d,13m-city-double,6,0.000536456
Nitrogen dioxide,ICEV-d,13m-city-double,6,0.022552759
Nitrogen dioxide,ICEV-d,9m,6,0.018360988
Nitrogen dioxide,ICEV-d,9m,6,0.002329294
Nitrogen dioxide,ICEV-d,9m,6,0.000847822
Nitrogen dioxide,ICEV-d,9m,6,0.000847822
Nitrogen dioxide,ICEV-d,13m-city-double,6,0.013407482
Nitrogen dioxide,ICEV-d,13m-city-double,6,0.002948618
Nitrogen dioxide,ICEV-d,13m-city-double,6,0.000748589
Nitrogen dioxide,ICEV-d,13m-city-double,6,0.000748589
Methane,ICEV-d,9m,6,5.32E-06
Methane,ICEV-d,9m,6,5.32E-06
Methane,ICEV-d,9m,6,7.38E-06
Methane,ICEV-d,9m,6,7.38E-06
Methane,ICEV-d,13m-city-double,6,6.03E-06
Methane,ICEV-d,13m-city-double,6,6.03E-06
Methane,ICEV-d,13m-city-double,6,1.04E-05
Methane,ICEV-d,13m-city-double,6,1.04E-05
Methane,ICEV-d,9m,6,1.48E-05
Methane,ICEV-d,9m,6,6.02E-06
Methane,ICEV-d,9m,6,5.32E-06
Methane,ICEV-d,9m,6,5.32E-06
Methane,ICEV-d,13m-city-double,6,1.08E-05
Methane,ICEV-d,13m-city-double,6,7.78E-06
Methane,ICEV-d,13m-city-double,6,6.03E-06
Methane,ICEV-d,13m-city-double,6,6.03E-06
Non-methane hydrocarbon,ICEV-d,9m,6,0.000216372
Non-methane hydrocarbon,ICEV-d,9m,6,0.000216372
Non-methane hydrocarbon,ICEV-d,9m,6,0.000300118
Non-methane hydrocarbon,ICEV-d,9m,6,0.000300118
Non-methane hydrocarbon,ICEV-d,13m-city-double,6,0.00024503
Non-methane hydrocarbon,ICEV-d,13m-city-double,6,0.00024503
Non-methane hydrocarbon,ICEV-d,13m-city-double,6,0.000424393
Non-methane hydrocarbon,ICEV-d,13m-city-double,6,0.000424393
Non-methane hydrocarbon,ICEV-d,9m,6,0.000602411
Non-methane hydrocarbon,ICEV-d,9m,6,0.00024487
Non-methane hydrocarbon,ICEV-d,9m,6,0.000216372
Non-methane hydrocarbon,ICEV-d,9m,6,0.000216372
Non-methane hydrocarbon,ICEV-d,13m-city-double,6,0.00043989
Non-methane hydrocarbon,ICEV-d,13m-city-double,6,0.000316429
Non-methane hydrocarbon,ICEV-d,13m-city-double,6,0.00024503
Non-methane hydrocarbon,ICEV-d,13m-city-double,6,0.00024503
Lead,ICEV-d,9m,6,0
Lead,ICEV-d,9m,6,0
Lead,ICEV-d,9m,6,0
Lead,ICEV-d,9m,6,0
Lead,ICEV-d,13m-city-double,6,0
Lead,ICEV-d,13m-city-double,6,0
Lead,ICEV-d,13m-city-double,6,0
Lead,ICEV-d,13m-city-double,6,0
Lead,ICEV-d,9m,6,0
Lead,ICEV-d,9m,6,0
Lead,ICEV-d,9m,6,0
Lead,ICEV-d,9m,6,0
Lead,ICEV-d,13m-city-double,6,0
Lead,ICEV-d,13m-city-double,6,0
Lead,ICEV-d,13m-city-double,6,0
Lead,ICEV-d,13m-city-double,6,0
Dinitrogen oxide,ICEV-d,9m,6,0.000575004
Dinitrogen oxide,ICEV-d,9m,6,0.000575004
Dinitrogen oxide,ICEV-d,9m,6,0.000575004
Dinitrogen oxide,ICEV-d,9m,6,0.000575004
Dinitrogen oxide,ICEV-d,13m-city-double,6,0.000419877
Dinitrogen oxide,ICEV-d,13m-city-double,6,0.000419877
Dinitrogen oxide,ICEV-d,13m-city-double,6,0.000419877
Dinitrogen oxide,ICEV-d,13m-city-double,6,0.000419877
Dinitrogen oxide,ICEV-d,9m,6,0.000230547
Dinitrogen oxide,ICEV-d,9m,6,0.000719359
Dinitrogen oxide,ICEV-d,9m,6,0.000575004
Dinitrogen oxide,ICEV-d,9m,6,0.000575004
Dinitrogen oxide,ICEV-d,13m-city-double,6,0.000168349
Dinitrogen oxide,ICEV-d,13m-city-double,6,0.000525287
Dinitrogen oxide,ICEV-d,13m-city-double,6,0.000419877
Dinitrogen oxide,ICEV-d,13m-city-double,6,0.000419877
Ammonia,ICEV-d,9m,6,0.000153786
Ammonia,ICEV-d,9m,6,0.000153786
Ammonia,ICEV-d,9m,6,0.000153786
Ammonia,ICEV-d,9m,6,0.000153786
Ammonia,ICEV-d,13m-city-double,6,0.000142813
Ammonia,ICEV-d,13m-city-double,6,0.000142813
Ammonia,ICEV-d,13m-city-double,6,0.000142813
Ammonia,ICEV-d,13m-city-double,6,0.000142813
Ammonia,ICEV-d,9m,6,4.17E-05
Ammonia,ICEV-d,9m,6,0.000158321
Ammonia,ICEV-d,9m,6,0.000153786
Ammonia,ICEV-d,9m,6,0.000153786
Ammonia,ICEV-d,13m-city-double,6,3.05E-05
Ammonia,ICEV-d,13m-city-double,6,0.000115608
Ammonia,ICEV-d,13m-city-double,6,0.000142813
Ammonia,ICEV-d,13m-city-double,6,0.000142813
Benzene,ICEV-d,9m,6,3.70E-06
Benzene,ICEV-d,9m,6,3.70E-06
Benzene,ICEV-d,9m,6,5.14E-06
Benzene,ICEV-d,9m,6,5.14E-06
Benzene,ICEV-d,13m-city-double,6,4.19E-06
Benzene,ICEV-d,13m-city-double,6,4.19E-06
Benzene,ICEV-d,13m-city-double,6,7.26E-06
Benzene,ICEV-d,13m-city-double,6,7.26E-06
Benzene,ICEV-d,9m,6,1.03E-05
Benzene,ICEV-d,9m,6,4.19E-06
Benzene,ICEV-d,9m,6,3.70E-06
Benzene,ICEV-d,9m,6,3.70E-06
Benzene,ICEV-d,13m-city-double,6,7.53E-06
Benzene,ICEV-d,13m-city-double,6,5.41E-06
Benzene,ICEV-d,13m-city-double,6,4.19E-06
Benzene,ICEV-d,13m-city-double,6,4.19E-06
Particulate matters 2.5,ICEV-d,9m,6,0.000120716
Particulate matters 2.5,ICEV-d,9m,6,0.000120716
Particulate matters 2.5,ICEV-d,9m,6,3.14E-05
Particulate matters 2.5,ICEV-d,9m,6,3.14E-05
Particulate matters 2.5,ICEV-d,13m-city-double,6,0.000217561
Particulate matters 2.5,ICEV-d,13m-city-double,6,0.000217561
Particulate matters 2.5,ICEV-d,13m-city-double,6,3.62E-05
Particulate matters 2.5,ICEV-d,13m-city-double,6,3.62E-05
Particulate matters 2.5,ICEV-d,9m,6,0.000522933
Particulate matters 2.5,ICEV-d,9m,6,0.000575158
Particulate matters 2.5,ICEV-d,9m,6,0.000120716
Particulate matters 2.5,ICEV-d,9m,6,0.000120716
Particulate matters 2.5,ICEV-d,13m-city-double,6,0.000381854
Particulate matters 2.5,ICEV-d,13m-city-double,6,0.00067035
Particulate matters 2.5,ICEV-d,13m-city-double,6,0.000217561
Particulate matters 2.5,ICEV-d,13m-city-double,6,0.000217561
Hydrocarbon,ICEV-g,13m-city,2,0.319218382
Hydrocarbon,ICEV-g,13m-city,3,0.263082593
Hydrocarbon,ICEV-g,13m-city,4,0.050247575
Hydrocarbon,ICEV-g,13m-city,5,0.024576179
Hydrocarbon,ICEV-g,13m-city,6,0.012032441
Carbon monoxide,ICEV-g,13m-city,2,0.206866872
Carbon monoxide,ICEV-g,13m-city,3,0.211065975
Carbon monoxide,ICEV-g,13m-city,4,0.10464252
Carbon monoxide,ICEV-g,13m-city,5,0.052087488
Carbon monoxide,ICEV-g,13m-city,6,0.045409837
Nitrogen oxides,ICEV-g,13m-city,2,0.905252423
Nitrogen oxides,ICEV-g,13m-city,3,0.762339809
Nitrogen oxides,ICEV-g,13m-city,4,0.647724785
Nitrogen oxides,ICEV-g,13m-city,5,0.094725025
Nitrogen oxides,ICEV-g,13m-city,6,0.030144677
Nitrogen dioxide,ICEV-g,13m-city,2,0.226313106
Nitrogen dioxide,ICEV-g,13m-city,3,0.190584952
Nitrogen dioxide,ICEV-g,13m-city,4,0.161931196
Nitrogen dioxide,ICEV-g,13m-city,5,0.023681256
Nitrogen dioxide,ICEV-g,13m-city,6,0.007536169
Methane,ICEV-g,13m-city,2,0.29368092
Methane,ICEV-g,13m-city,3,0.242036001
Methane,ICEV-g,13m-city,4,0.046227773
Methane,ICEV-g,13m-city,5,0.022610087
Methane,ICEV-g,13m-city,6,0.011069845
Non-methane hydrocarbon,ICEV-g,13m-city,2,0.02553747
Non-methane hydrocarbon,ICEV-g,13m-city,3,0.021046608
Non-methane hydrocarbon,ICEV-g,13m-city,4,0.004019806
Non-methane hydrocarbon,ICEV-g,13m-city,5,0.001966094
Non-methane hydrocarbon,ICEV-g,13m-city,6,0.000962595
Lead,ICEV-g,13m-city,2,0
Lead,ICEV-g,13m-city,3,0
Lead,ICEV-g,13m-city,4,0
Lead,ICEV-g,13m-city,5,0
Lead,ICEV-g,13m-city,6,0
Benzene,ICEV-g,13m-city,2,0
Benzene,ICEV-g,13m-city,3,0
Benzene,ICEV-g,13m-city,4,0
Benzene,ICEV-g,13m-city,5,0
Benzene,ICEV-g,13m-city,6,0
Particulate matters 2.5,ICEV-g,13m-city,2,0.001940835
Particulate matters 2.5,ICEV-g,13m-city,3,0.001367893
Particulate matters 2.5,ICEV-g,13m-city,4,0.000354762
Particulate matters 2.5,ICEV-g,13m-city,5,0.000406425
Particulate matters 2.5,ICEV-g,13m-city,6,0.000406425
Hydrocarbon,ICEV-d,13m-city,0,0.050119494
Hydrocarbon,ICEV-d,13m-city,0,0.050119494
Hydrocarbon,ICEV-d,13m-city,0,0.050119494
Hydrocarbon,ICEV-d,13m-city,0,0.050119494
Carbon monoxide,ICEV-d,13m-city,0,0.123453401
Carbon monoxide,ICEV-d,13m-city,0,0.123453401
Carbon monoxide,ICEV-d,13m-city,0,0.123453401
Carbon monoxide,ICEV-d,13m-city,0,0.123453401
Nitrogen oxides,ICEV-d,13m-city,0,0.231275009
Nitrogen oxides,ICEV-d,13m-city,0,0.231275009
Nitrogen oxides,ICEV-d,13m-city,0,0.231275009
Nitrogen oxides,ICEV-d,13m-city,0,0.231275009
Nitrogen dioxide,ICEV-d,13m-city,0,0.016189252
Nitrogen dioxide,ICEV-d,13m-city,0,0.016189252
Nitrogen dioxide,ICEV-d,13m-city,0,0.016189252
Nitrogen dioxide,ICEV-d,13m-city,0,0.016189252
Methane,ICEV-d,13m-city,0,0.001202868
Methane,ICEV-d,13m-city,0,0.001202868
Methane,ICEV-d,13m-city,0,0.001202868
Methane,ICEV-d,13m-city,0,0.001202868
Non-methane hydrocarbon,ICEV-d,13m-city,0,0.048916625
Non-methane hydrocarbon,ICEV-d,13m-city,0,0.048916625
Non-methane hydrocarbon,ICEV-d,13m-city,0,0.048916625
Non-methane hydrocarbon,ICEV-d,13m-city,0,0.048916625
Lead,ICEV-d,13m-city,0,0
Lead,ICEV-d,13m-city,0,0
Lead,ICEV-d,13m-city,0,0
Lead,ICEV-d,13m-city,0,0
Dinitrogen oxide,ICEV-d,13m-city,0,0.000287059
Dinitrogen oxide,ICEV-d,13m-city,0,0.000287059
Dinitrogen oxide,ICEV-d,13m-city,0,0.000287059
Dinitrogen oxide,ICEV-d,13m-city,0,0.000287059
Ammonia,ICEV-d,13m-city,0,4.78E-05
Ammonia,ICEV-d,13m-city,0,4.78E-05
Ammonia,ICEV-d,13m-city,0,4.78E-05
Ammonia,ICEV-d,13m-city,0,4.78E-05
Benzene,ICEV-d,13m-city,0,0.000836996
Benzene,ICEV-d,13m-city,0,0.000836996
Benzene,ICEV-d,13m-city,0,0.000836996
Benzene,ICEV-d,13m-city,0,0.000836996
Particulate matters 2.5,ICEV-d,13m-city,0,0.018981233
Particulate matters 2.5,ICEV-d,13m-city,0,0.018981233
Particulate matters 2.5,ICEV-d,13m-city,0,0.018981233
Particulate matters 2.5,ICEV-d,13m-city,0,0.018981233
Hydrocarbon,ICEV-d,13m-city,1,0.021230525
Hydrocarbon,ICEV-d,13m-city,1,0.007006073
Carbon monoxide,ICEV-d,13m-city,1,0.106495208
Carbon monoxide,ICEV-d,13m-city,1,0.035143419
Nitrogen oxides,ICEV-d,13m-city,1,0.352808356
Nitrogen oxides,ICEV-d,13m-city,1,0.352808356
Nitrogen dioxide,ICEV-d,13m-city,1,0.024696586
Nitrogen dioxide,ICEV-d,13m-city,1,0.088202089
Methane,ICEV-d,13m-city,1,0.000509533
Methane,ICEV-d,13m-city,1,0.000168146
Non-methane hydrocarbon,ICEV-d,13m-city,1,0.020720993
Non-methane hydrocarbon,ICEV-d,13m-city,1,0.006837928
Lead,ICEV-d,13m-city,1,0
Lead,ICEV-d,13m-city,1,0
Dinitrogen oxide,ICEV-d,13m-city,1,0.00059101
Dinitrogen oxide,ICEV-d,13m-city,1,0.00059101
Ammonia,ICEV-d,13m-city,1,0.000142827
Ammonia,ICEV-d,13m-city,1,0.000142827
Benzene,ICEV-d,13m-city,1,0.00035455
Benzene,ICEV-d,13m-city,1,0.000117001
Particulate matters 2.5,ICEV-d,13m-city,1,0.0177441
Particulate matters 2.5,ICEV-d,13m-city,1,0.004613466
Hydrocarbon,ICEV-d,13m-city,2,0.013708943
Hydrocarbon,ICEV-d,13m-city,2,0.004523951
Carbon monoxide,ICEV-d,13m-city,2,0.092567261
Carbon monoxide,ICEV-d,13m-city,2,0.030547196
Nitrogen oxides,ICEV-d,13m-city,2,0.37661469
Nitrogen oxides,ICEV-d,13m-city,2,0.37661469
Nitrogen dioxide,ICEV-d,13m-city,2,0.026363028
Nitrogen dioxide,ICEV-d,13m-city,2,0.094153673
Methane,ICEV-d,13m-city,2,0.000329015
Methane,ICEV-d,13m-city,2,0.000108575
Non-methane hydrocarbon,ICEV-d,13m-city,2,0.013379928
Non-methane hydrocarbon,ICEV-d,13m-city,2,0.004415376
Lead,ICEV-d,13m-city,2,0
Lead,ICEV-d,13m-city,2,0
Dinitrogen oxide,ICEV-d,13m-city,2,0.00040429
Dinitrogen oxide,ICEV-d,13m-city,2,0.00040429
Ammonia,ICEV-d,13m-city,2,0.000150501
Ammonia,ICEV-d,13m-city,2,0.000150501
Benzene,ICEV-d,13m-city,2,0.000228939
Benzene,ICEV-d,13m-city,2,7.56E-05
Particulate matters 2.5,ICEV-d,13m-city,2,0.010247204
Particulate matters 2.5,ICEV-d,13m-city,2,0.002664273
Hydrocarbon,ICEV-d,13m-city,3,0.011652271
Hydrocarbon,ICEV-d,13m-city,3,0.00384525
Carbon monoxide,ICEV-d,13m-city,3,0.095124091
Carbon monoxide,ICEV-d,13m-city,3,0.031390952
Nitrogen oxides,ICEV-d,13m-city,3,0.318308773
Nitrogen oxides,ICEV-d,13m-city,3,0.318308773
Nitrogen dioxide,ICEV-d,13m-city,3,0.022281614
Nitrogen dioxide,ICEV-d,13m-city,3,0.095492633
Methane,ICEV-d,13m-city,3,0.000279655
Methane,ICEV-d,13m-city,3,9.23E-05
Non-methane hydrocarbon,ICEV-d,13m-city,3,0.011372617
Non-methane hydrocarbon,ICEV-d,13m-city,3,0.003752964
Lead,ICEV-d,13m-city,3,0
Lead,ICEV-d,13m-city,3,0
Dinitrogen oxide,ICEV-d,13m-city,3,0.000253557
Dinitrogen oxide,ICEV-d,13m-city,3,0.000253557
Ammonia,ICEV-d,13m-city,3,0.000145963
Ammonia,ICEV-d,13m-city,3,0.000145963
Benzene,ICEV-d,13m-city,3,0.000194593
Benzene,ICEV-d,13m-city,3,6.42E-05
Particulate matters 2.5,ICEV-d,13m-city,3,0.007429126
Particulate matters 2.5,ICEV-d,13m-city,3,0.001931572
Hydrocarbon,ICEV-d,13m-city,4,0.000769566
Hydrocarbon,ICEV-d,13m-city,4,0.000317987
Hydrocarbon,ICEV-d,13m-city,4,0.000317987
Hydrocarbon,ICEV-d,13m-city,4,3.85E-05
Hydrocarbon,ICEV-d,13m-city,4,1.59E-05
Hydrocarbon,ICEV-d,13m-city,4,1.59E-05
Carbon monoxide,ICEV-d,13m-city,4,0.016026505
Carbon monoxide,ICEV-d,13m-city,4,0.044752812
Carbon monoxide,ICEV-d,13m-city,4,0.044752812
Carbon monoxide,ICEV-d,13m-city,4,0.002724506
Carbon monoxide,ICEV-d,13m-city,4,0.007607978
Carbon monoxide,ICEV-d,13m-city,4,0.007607978
Nitrogen oxides,ICEV-d,13m-city,4,0.091571231
Nitrogen oxides,ICEV-d,13m-city,4,0.061479912
Nitrogen oxides,ICEV-d,13m-city,4,0.126523929
Nitrogen oxides,ICEV-d,13m-city,4,0.091571231
Nitrogen oxides,ICEV-d,13m-city,4,0.061479912
Nitrogen oxides,ICEV-d,13m-city,4,0.126523929
Nitrogen dioxide,ICEV-d,13m-city,4,0.019229958
Nitrogen dioxide,ICEV-d,13m-city,4,0.004303594
Nitrogen dioxide,ICEV-d,13m-city,4,0.008856675
Nitrogen dioxide,ICEV-d,13m-city,4,0.022892808
Nitrogen dioxide,ICEV-d,13m-city,4,0.015369978
Nitrogen dioxide,ICEV-d,13m-city,4,0.031630982
Methane,ICEV-d,13m-city,4,1.85E-05
Methane,ICEV-d,13m-city,4,7.63E-06
Methane,ICEV-d,13m-city,4,7.63E-06
Methane,ICEV-d,13m-city,4,9.23E-07
Methane,ICEV-d,13m-city,4,3.82E-07
Methane,ICEV-d,13m-city,4,3.82E-07
Non-methane hydrocarbon,ICEV-d,13m-city,4,0.000751096
Non-methane hydrocarbon,ICEV-d,13m-city,4,0.000310355
Non-methane hydrocarbon,ICEV-d,13m-city,4,0.000310355
Non-methane hydrocarbon,ICEV-d,13m-city,4,3.76E-05
Non-methane hydrocarbon,ICEV-d,13m-city,4,1.55E-05
Non-methane hydrocarbon,ICEV-d,13m-city,4,1.55E-05
Lead,ICEV-d,13m-city,4,0
Lead,ICEV-d,13m-city,4,0
Lead,ICEV-d,13m-city,4,0
Lead,ICEV-d,13m-city,4,0
Lead,ICEV-d,13m-city,4,0
Lead,ICEV-d,13m-city,4,0
Dinitrogen oxide,ICEV-d,13m-city,4,0.000287451
Dinitrogen oxide,ICEV-d,13m-city,4,0.000287451
Dinitrogen oxide,ICEV-d,13m-city,4,0.000287451
Dinitrogen oxide,ICEV-d,13m-city,4,0.000287451
Dinitrogen oxide,ICEV-d,13m-city,4,0.000287451
Dinitrogen oxide,ICEV-d,13m-city,4,0.000287451
Ammonia,ICEV-d,13m-city,4,5.20E-05
Ammonia,ICEV-d,13m-city,4,5.20E-05
Ammonia,ICEV-d,13m-city,4,5.20E-05
Ammonia,ICEV-d,13m-city,4,5.20E-05
Ammonia,ICEV-d,13m-city,4,5.20E-05
Ammonia,ICEV-d,13m-city,4,5.20E-05
Benzene,ICEV-d,13m-city,4,1.29E-05
Benzene,ICEV-d,13m-city,4,5.31E-06
Benzene,ICEV-d,13m-city,4,5.31E-06
Benzene,ICEV-d,13m-city,4,6.43E-07
Benzene,ICEV-d,13m-city,4,2.66E-07
Benzene,ICEV-d,13m-city,4,2.66E-07
Particulate matters 2.5,ICEV-d,13m-city,4,0.000651711
Particulate matters 2.5,ICEV-d,13m-city,4,0.000744867
Particulate matters 2.5,ICEV-d,13m-city,4,0.000744867
Particulate matters 2.5,ICEV-d,13m-city,4,4.56E-05
Particulate matters 2.5,ICEV-d,13m-city,4,2.98E-05
Particulate matters 2.5,ICEV-d,13m-city,4,2.98E-05
Hydrocarbon,ICEV-d,13m-city,5,0.001219288
Hydrocarbon,ICEV-d,13m-city,5,0.000327791
Hydrocarbon,ICEV-d,13m-city,5,0.000327791
Hydrocarbon,ICEV-d,13m-city,5,6.10E-05
Hydrocarbon,ICEV-d,13m-city,5,1.64E-05
Hydrocarbon,ICEV-d,13m-city,5,1.64E-05
Carbon monoxide,ICEV-d,13m-city,5,0.01405733
Carbon monoxide,ICEV-d,13m-city,5,0.04148555
Carbon monoxide,ICEV-d,13m-city,5,0.04148555
Carbon monoxide,ICEV-d,13m-city,5,0.002389746
Carbon monoxide,ICEV-d,13m-city,5,0.007052544
Carbon monoxide,ICEV-d,13m-city,5,0.007052544
Nitrogen oxides,ICEV-d,13m-city,5,0.07265248
Nitrogen oxides,ICEV-d,13m-city,5,0.043474791
Nitrogen oxides,ICEV-d,13m-city,5,0.13088603
Nitrogen oxides,ICEV-d,13m-city,5,0.07265248
Nitrogen oxides,ICEV-d,13m-city,5,0.043474791
Nitrogen oxides,ICEV-d,13m-city,5,0.13088603
Nitrogen dioxide,ICEV-d,13m-city,5,0.01525702
Nitrogen dioxide,ICEV-d,13m-city,5,0.003043236
Nitrogen dioxide,ICEV-d,13m-city,5,0.009162023
Nitrogen dioxide,ICEV-d,13m-city,5,0.01816312
Nitrogen dioxide,ICEV-d,13m-city,5,0.010868698
Nitrogen dioxide,ICEV-d,13m-city,5,0.032721507
Methane,ICEV-d,13m-city,5,2.93E-05
Methane,ICEV-d,13m-city,5,7.87E-06
Methane,ICEV-d,13m-city,5,7.87E-06
Methane,ICEV-d,13m-city,5,1.46E-06
Methane,ICEV-d,13m-city,5,3.93E-07
Methane,ICEV-d,13m-city,5,3.93E-07
Non-methane hydrocarbon,ICEV-d,13m-city,5,0.001190026
Non-methane hydrocarbon,ICEV-d,13m-city,5,0.000319924
Non-methane hydrocarbon,ICEV-d,13m-city,5,0.000319924
Non-methane hydrocarbon,ICEV-d,13m-city,5,5.95E-05
Non-methane hydrocarbon,ICEV-d,13m-city,5,1.60E-05
Non-methane hydrocarbon,ICEV-d,13m-city,5,1.60E-05
Lead,ICEV-d,13m-city,5,0
Lead,ICEV-d,13m-city,5,0
Lead,ICEV-d,13m-city,5,0
Lead,ICEV-d,13m-city,5,0
Lead,ICEV-d,13m-city,5,0
Lead,ICEV-d,13m-city,5,0
Dinitrogen oxide,ICEV-d,13m-city,5,0.000939846
Dinitrogen oxide,ICEV-d,13m-city,5,0.000939846
Dinitrogen oxide,ICEV-d,13m-city,5,0.000939846
Dinitrogen oxide,ICEV-d,13m-city,5,0.000939846
Dinitrogen oxide,ICEV-d,13m-city,5,0.000939846
Dinitrogen oxide,ICEV-d,13m-city,5,0.000939846
Ammonia,ICEV-d,13m-city,5,0.000206847
Ammonia,ICEV-d,13m-city,5,0.000206847
Ammonia,ICEV-d,13m-city,5,0.000206847
Ammonia,ICEV-d,13m-city,5,0.000206847
Ammonia,ICEV-d,13m-city,5,0.000206847
Ammonia,ICEV-d,13m-city,5,0.000206847
Benzene,ICEV-d,13m-city,5,2.04E-05
Benzene,ICEV-d,13m-city,5,5.47E-06
Benzene,ICEV-d,13m-city,5,5.47E-06
Benzene,ICEV-d,13m-city,5,1.02E-06
Benzene,ICEV-d,13m-city,5,2.74E-07
Benzene,ICEV-d,13m-city,5,2.74E-07
Particulate matters 2.5,ICEV-d,13m-city,5,0.000425895
Particulate matters 2.5,ICEV-d,13m-city,5,0.000751447
Particulate matters 2.5,ICEV-d,13m-city,5,0.000751447
Particulate matters 2.5,ICEV-d,13m-city,5,2.98E-05
Particulate matters 2.5,ICEV-d,13m-city,5,3.01E-05
Particulate matters 2.5,ICEV-d,13m-city,5,3.01E-05
Hydrocarbon,ICEV-d,13m-city,6,0.000221692
Hydrocarbon,ICEV-d,13m-city,6,0.000221692
Hydrocarbon,ICEV-d,13m-city,6,0.000307498
Hydrocarbon,ICEV-d,13m-city,6,0.000307498
Hydrocarbon,ICEV-d,13m-city,6,0.000617224
Hydrocarbon,ICEV-d,13m-city,6,0.000250892
Hydrocarbon,ICEV-d,13m-city,6,0.000221692
Hydrocarbon,ICEV-d,13m-city,6,0.000221692
Carbon monoxide,ICEV-d,13m-city,6,0.002379879
Carbon monoxide,ICEV-d,13m-city,6,0.002379879
Carbon monoxide,ICEV-d,13m-city,6,0.001865179
Carbon monoxide,ICEV-d,13m-city,6,0.001865179
Carbon monoxide,ICEV-d,13m-city,6,0.012853926
Carbon monoxide,ICEV-d,13m-city,6,0.031753066
Carbon monoxide,ICEV-d,13m-city,6,0.002379879
Carbon monoxide,ICEV-d,13m-city,6,0.002379879
Nitrogen oxides,ICEV-d,13m-city,6,0.006482662
Nitrogen oxides,ICEV-d,13m-city,6,0.062533967
Nitrogen oxides,ICEV-d,13m-city,6,0.00145161
Nitrogen oxides,ICEV-d,13m-city,6,0.075477491
Nitrogen oxides,ICEV-d,13m-city,6,0.073443953
Nitrogen oxides,ICEV-d,13m-city,6,0.033275633
Nitrogen oxides,ICEV-d,13m-city,6,0.003027937
Nitrogen oxides,ICEV-d,13m-city,6,0.003027937
Nitrogen dioxide,ICEV-d,13m-city,6,0.001815145
Nitrogen dioxide,ICEV-d,13m-city,6,0.01750951
Nitrogen dioxide,ICEV-d,13m-city,6,0.000406451
Nitrogen dioxide,ICEV-d,13m-city,6,0.021133698
Nitrogen dioxide,ICEV-d,13m-city,6,0.018360988
Nitrogen dioxide,ICEV-d,13m-city,6,0.002329294
Nitrogen dioxide,ICEV-d,13m-city,6,0.000847822
Nitrogen dioxide,ICEV-d,13m-city,6,0.000847822
Methane,ICEV-d,13m-city,6,5.32E-06
Methane,ICEV-d,13m-city,6,5.32E-06
Methane,ICEV-d,13m-city,6,7.38E-06
Methane,ICEV-d,13m-city,6,7.38E-06
Methane,ICEV-d,13m-city,6,1.48E-05
Methane,ICEV-d,13m-city,6,6.02E-06
Methane,ICEV-d,13m-city,6,5.32E-06
Methane,ICEV-d,13m-city,6,5.32E-06
Non-methane hydrocarbon,ICEV-d,13m-city,6,0.000216372
Non-methane hydrocarbon,ICEV-d,13m-city,6,0.000216372
Non-methane hydrocarbon,ICEV-d,13m-city,6,0.000300118
Non-methane hydrocarbon,ICEV-d,13m-city,6,0.000300118
Non-methane hydrocarbon,ICEV-d,13m-city,6,0.000602411
Non-methane hydrocarbon,ICEV-d,13m-city,6,0.00024487
Non-methane hydrocarbon,ICEV-d,13m-city,6,0.000216372
Non-methane hydrocarbon,ICEV-d,13m-city,6,0.000216372
Lead,ICEV-d,13m-city,6,0
Lead,ICEV-d,13m-city,6,0
Lead,ICEV-d,13m-city,6,0
Lead,ICEV-d,13m-city,6,0
Lead,ICEV-d,13m-city,6,0
Lead,ICEV-d,13m-city,6,0
Lead,ICEV-d,13m-city,6,0
Lead,ICEV-d,13m-city,6,0
Dinitrogen oxide,ICEV-d,13m-city,6,0.000575004
Dinitrogen oxide,ICEV-d,13m-city,6,0.000575004
Dinitrogen oxide,ICEV-d,13m-city,6,0.000575004
Dinitrogen oxide,ICEV-d,13m-city,6,0.000575004
Dinitrogen oxide,ICEV-d,13m-city,6,0.000230547
Dinitrogen oxide,ICEV-d,13m-city,6,0.000719359
Dinitrogen oxide,ICEV-d,13m-city,6,0.000575004
Dinitrogen oxide,ICEV-d,13m-city,6,0.000575004
Ammonia,ICEV-d,13m-city,6,0.000153786
Ammonia,ICEV-d,13m-city,6,0.000153786
Ammonia,ICEV-d,13m-city,6,0.000153786
Ammonia,ICEV-d,13m-city,6,0.000153786
Ammonia,ICEV-d,13m-city,6,4.17E-05
Ammonia,ICEV-d,13m-city,6,0.000158321
Ammonia,ICEV-d,13m-city,6,0.000153786
Ammonia,ICEV-d,13m-city,6,0.000153786
Benzene,ICEV-d,13m-city,6,3.70E-06
Benzene,ICEV-d,13m-city,6,3.70E-06
Benzene,ICEV-d,13m-city,6,5.14E-06
Benzene,ICEV-d,13m-city,6,5.14E-06
Benzene,ICEV-d,13m-city,6,1.03E-05
Benzene,ICEV-d,13m-city,6,4.19E-06
Benzene,ICEV-d,13m-city,6,3.70E-06
Benzene,ICEV-d,13m-city,6,3.70E-06
Particulate matters 2.5,ICEV-d,13m-city,6,0.000120716
Particulate matters 2.5,ICEV-d,13m-city,6,0.000120716
Particulate matters 2.5,ICEV-d,13m-city,6,3.14E-05
Particulate matters 2.5,ICEV-d,13m-city,6,3.14E-05
Particulate matters 2.5,ICEV-d,13m-city,6,0.000522933
Particulate matters 2.5,ICEV-d,13m-city,6,0.000575158
Particulate matters 2.5,ICEV-d,13m-city,6,0.000120716
Particulate matters 2.5,ICEV-d,13m-city,6,0.000120716
Hydrocarbon,ICEV-g,18m,2,0.425562602
Hydrocarbon,ICEV-g,18m,3,0.359162045
Hydrocarbon,ICEV-g,18m,4,0.058805866
Hydrocarbon,ICEV-g,18m,5,0.024576181
Hydrocarbon,ICEV-g,18m,6,0.012032441
Carbon monoxide,ICEV-g,18m,2,0.173170226
Carbon monoxide,ICEV-g,18m,3,0.193363755
Carbon monoxide,ICEV-g,18m,4,0.108101542
Carbon monoxide,ICEV-g,18m,5,0.052087485
Carbon monoxide,ICEV-g,18m,6,0.045409837
Nitrogen oxides,ICEV-g,18m,2,0.942984564
Nitrogen oxides,ICEV-g,18m,3,0.770671513
Nitrogen oxides,ICEV-g,18m,4,0.630859682
Nitrogen oxides,ICEV-g,18m,5,0.094725032
Nitrogen oxides,ICEV-g,18m,6,0.030144679
Nitrogen dioxide,ICEV-g,18m,2,0.235746141
Nitrogen dioxide,ICEV-g,18m,3,0.192667878
Nitrogen dioxide,ICEV-g,18m,4,0.15771492
Nitrogen dioxide,ICEV-g,18m,5,0.023681258
Nitrogen dioxide,ICEV-g,18m,6,0.00753617
Methane,ICEV-g,18m,2,0.391517607
Methane,ICEV-g,18m,3,0.330429099
Methane,ICEV-g,18m,4,0.054101399
Methane,ICEV-g,18m,5,0.022610086
Methane,ICEV-g,18m,6,0.011069846
Non-methane hydrocarbon,ICEV-g,18m,2,0.034045007
Non-methane hydrocarbon,ICEV-g,18m,3,0.028732964
Non-methane hydrocarbon,ICEV-g,18m,4,0.004704469
Non-methane hydrocarbon,ICEV-g,18m,5,0.001966094
Non-methane hydrocarbon,ICEV-g,18m,6,0.000962595
Lead,ICEV-g,18m,2,0
Lead,ICEV-g,18m,3,0
Lead,ICEV-g,18m,4,0
Lead,ICEV-g,18m,5,0
Lead,ICEV-g,18m,6,0
Benzene,ICEV-g,18m,2,0
Benzene,ICEV-g,18m,3,0
Benzene,ICEV-g,18m,4,0
Benzene,ICEV-g,18m,5,0
Benzene,ICEV-g,18m,6,0
Particulate matters 2.5,ICEV-g,18m,2,0.001664703
Particulate matters 2.5,ICEV-g,18m,3,0.001475071
Particulate matters 2.5,ICEV-g,18m,4,0.000376194
Particulate matters 2.5,ICEV-g,18m,5,0.000406425
Particulate matters 2.5,ICEV-g,18m,6,0.000406425
Hydrocarbon,ICEV-d,18m,0,0.033061946
Hydrocarbon,ICEV-d,18m,0,0.033061946
Hydrocarbon,ICEV-d,18m,0,0.033061946
Hydrocarbon,ICEV-d,18m,0,0.033061946
Carbon monoxide,ICEV-d,18m,0,0.096552333
Carbon monoxide,ICEV-d,18m,0,0.096552333
Carbon monoxide,ICEV-d,18m,0,0.096552333
Carbon monoxide,ICEV-d,18m,0,0.096552333
Nitrogen oxides,ICEV-d,18m,0,0.297023716
Nitrogen oxides,ICEV-d,18m,0,0.297023716
Nitrogen oxides,ICEV-d,18m,0,0.297023716
Nitrogen oxides,ICEV-d,18m,0,0.297023716
Nitrogen dioxide,ICEV-d,18m,0,0.020791661
Nitrogen dioxide,ICEV-d,18m,0,0.020791661
Nitrogen dioxide,ICEV-d,18m,0,0.020791661
Nitrogen dioxide,ICEV-d,18m,0,0.020791661
Methane,ICEV-d,18m,0,0.000793487
Methane,ICEV-d,18m,0,0.000793487
Methane,ICEV-d,18m,0,0.000793487
Methane,ICEV-d,18m,0,0.000793487
Non-methane hydrocarbon,ICEV-d,18m,0,0.032268459
Non-methane hydrocarbon,ICEV-d,18m,0,0.032268459
Non-methane hydrocarbon,ICEV-d,18m,0,0.032268459
Non-methane hydrocarbon,ICEV-d,18m,0,0.032268459
Lead,ICEV-d,18m,0,0
Lead,ICEV-d,18m,0,0
Lead,ICEV-d,18m,0,0
Lead,ICEV-d,18m,0,0
Dinitrogen oxide,ICEV-d,18m,0,0.000202381
Dinitrogen oxide,ICEV-d,18m,0,0.000202381
Dinitrogen oxide,ICEV-d,18m,0,0.000202381
Dinitrogen oxide,ICEV-d,18m,0,0.000202381
Ammonia,ICEV-d,18m,0,3.37E-05
Ammonia,ICEV-d,18m,0,3.37E-05
Ammonia,ICEV-d,18m,0,3.37E-05
Ammonia,ICEV-d,18m,0,3.37E-05
Benzene,ICEV-d,18m,0,0.000552135
Benzene,ICEV-d,18m,0,0.000552135
Benzene,ICEV-d,18m,0,0.000552135
Benzene,ICEV-d,18m,0,0.000552135
Particulate matters 2.5,ICEV-d,18m,0,0.013948896
Particulate matters 2.5,ICEV-d,18m,0,0.013948896
Particulate matters 2.5,ICEV-d,18m,0,0.013948896
Particulate matters 2.5,ICEV-d,18m,0,0.013948896
Hydrocarbon,ICEV-d,18m,1,0.02875761
Hydrocarbon,ICEV-d,18m,1,0.009490012
Carbon monoxide,ICEV-d,18m,1,0.094663117
Carbon monoxide,ICEV-d,18m,1,0.03123883
Nitrogen oxides,ICEV-d,18m,1,0.364909367
Nitrogen oxides,ICEV-d,18m,1,0.364909367
Nitrogen dioxide,ICEV-d,18m,1,0.025543655
Nitrogen dioxide,ICEV-d,18m,1,0.091227342
Methane,ICEV-d,18m,1,0.000690183
Methane,ICEV-d,18m,1,0.00022776
Non-methane hydrocarbon,ICEV-d,18m,1,0.028067428
Non-methane hydrocarbon,ICEV-d,18m,1,0.009262251
Lead,ICEV-d,18m,1,0
Lead,ICEV-d,18m,1,0
Dinitrogen oxide,ICEV-d,18m,1,0.000415811
Dinitrogen oxide,ICEV-d,18m,1,0.000415811
Ammonia,ICEV-d,18m,1,0.000100488
Ammonia,ICEV-d,18m,1,0.000100488
Benzene,ICEV-d,18m,1,0.000480252
Benzene,ICEV-d,18m,1,0.000158483
Particulate matters 2.5,ICEV-d,18m,1,0.018344536
Particulate matters 2.5,ICEV-d,18m,1,0.004769579
Hydrocarbon,ICEV-d,18m,2,0.018275932
Hydrocarbon,ICEV-d,18m,2,0.006031058
Carbon monoxide,ICEV-d,18m,2,0.077488936
Carbon monoxide,ICEV-d,18m,2,0.025571351
Nitrogen oxides,ICEV-d,18m,2,0.392312521
Nitrogen oxides,ICEV-d,18m,2,0.392312521
Nitrogen dioxide,ICEV-d,18m,2,0.027461876
Nitrogen dioxide,ICEV-d,18m,2,0.09807813
Methane,ICEV-d,18m,2,0.000438622
Methane,ICEV-d,18m,2,0.000144745
Non-methane hydrocarbon,ICEV-d,18m,2,0.017837311
Non-methane hydrocarbon,ICEV-d,18m,2,0.005886312
Lead,ICEV-d,18m,2,0
Lead,ICEV-d,18m,2,0
Dinitrogen oxide,ICEV-d,18m,2,0.000282326
Dinitrogen oxide,ICEV-d,18m,2,0.000282326
Ammonia,ICEV-d,18m,2,0.000105099
Ammonia,ICEV-d,18m,2,0.000105099
Benzene,ICEV-d,18m,2,0.000305208
Benzene,ICEV-d,18m,2,0.000100719
Particulate matters 2.5,ICEV-d,18m,2,0.008789285
Particulate matters 2.5,ICEV-d,18m,2,0.002285214
Hydrocarbon,ICEV-d,18m,3,0.015907756
Hydrocarbon,ICEV-d,18m,3,0.00524956
Carbon monoxide,ICEV-d,18m,3,0.087145982
Carbon monoxide,ICEV-d,18m,3,0.028758176
Nitrogen oxides,ICEV-d,18m,3,0.321787638
Nitrogen oxides,ICEV-d,18m,3,0.321787638
Nitrogen dioxide,ICEV-d,18m,3,0.022525133
Nitrogen dioxide,ICEV-d,18m,3,0.096536291
Methane,ICEV-d,18m,3,0.000381786
Methane,ICEV-d,18m,3,0.000125989
Non-methane hydrocarbon,ICEV-d,18m,3,0.01552597
Non-methane hydrocarbon,ICEV-d,18m,3,0.005123571
Lead,ICEV-d,18m,3,0
Lead,ICEV-d,18m,3,0
Dinitrogen oxide,ICEV-d,18m,3,0.000178576
Dinitrogen oxide,ICEV-d,18m,3,0.000178576
Ammonia,ICEV-d,18m,3,0.0001028
Ammonia,ICEV-d,18m,3,0.0001028
Benzene,ICEV-d,18m,3,0.00026566
Benzene,ICEV-d,18m,3,8.77E-05
Particulate matters 2.5,ICEV-d,18m,3,0.008011221
Particulate matters 2.5,ICEV-d,18m,3,0.002082917
Hydrocarbon,ICEV-d,18m,4,0.00090019
Hydrocarbon,ICEV-d,18m,4,0.000390541
Hydrocarbon,ICEV-d,18m,4,0.000390541
Hydrocarbon,ICEV-d,18m,4,4.50E-05
Hydrocarbon,ICEV-d,18m,4,1.95E-05
Hydrocarbon,ICEV-d,18m,4,1.95E-05
Carbon monoxide,ICEV-d,18m,4,0.01654799
Carbon monoxide,ICEV-d,18m,4,0.044141488
Carbon monoxide,ICEV-d,18m,4,0.044141488
Carbon monoxide,ICEV-d,18m,4,0.002813158
Carbon monoxide,ICEV-d,18m,4,0.007504053
Carbon monoxide,ICEV-d,18m,4,0.007504053
Nitrogen oxides,ICEV-d,18m,4,0.089142351
Nitrogen oxides,ICEV-d,18m,4,0.072442377
Nitrogen oxides,ICEV-d,18m,4,0.129505554
Nitrogen oxides,ICEV-d,18m,4,0.089142351
Nitrogen oxides,ICEV-d,18m,4,0.072442377
Nitrogen oxides,ICEV-d,18m,4,0.129505554
Nitrogen dioxide,ICEV-d,18m,4,0.018719893
Nitrogen dioxide,ICEV-d,18m,4,0.005070966
Nitrogen dioxide,ICEV-d,18m,4,0.009065388
Nitrogen dioxide,ICEV-d,18m,4,0.022285588
Nitrogen dioxide,ICEV-d,18m,4,0.018110594
Nitrogen dioxide,ICEV-d,18m,4,0.032376389
Methane,ICEV-d,18m,4,2.16E-05
Methane,ICEV-d,18m,4,9.37E-06
Methane,ICEV-d,18m,4,9.37E-06
Methane,ICEV-d,18m,4,1.08E-06
Methane,ICEV-d,18m,4,4.69E-07
Methane,ICEV-d,18m,4,4.69E-07
Non-methane hydrocarbon,ICEV-d,18m,4,0.000878585
Non-methane hydrocarbon,ICEV-d,18m,4,0.000381168
Non-methane hydrocarbon,ICEV-d,18m,4,0.000381168
Non-methane hydrocarbon,ICEV-d,18m,4,4.39E-05
Non-methane hydrocarbon,ICEV-d,18m,4,1.91E-05
Non-methane hydrocarbon,ICEV-d,18m,4,1.91E-05
Lead,ICEV-d,18m,4,0
Lead,ICEV-d,18m,4,0
Lead,ICEV-d,18m,4,0
Lead,ICEV-d,18m,4,0
Lead,ICEV-d,18m,4,0
Lead,ICEV-d,18m,4,0
Dinitrogen oxide,ICEV-d,18m,4,0.000197982
Dinitrogen oxide,ICEV-d,18m,4,0.000197982
Dinitrogen oxide,ICEV-d,18m,4,0.000197982
Dinitrogen oxide,ICEV-d,18m,4,0.000197982
Dinitrogen oxide,ICEV-d,18m,4,0.000197982
Dinitrogen oxide,ICEV-d,18m,4,0.000197982
Ammonia,ICEV-d,18m,4,3.58E-05
Ammonia,ICEV-d,18m,4,3.58E-05
Ammonia,ICEV-d,18m,4,3.58E-05
Ammonia,ICEV-d,18m,4,3.58E-05
Ammonia,ICEV-d,18m,4,3.58E-05
Ammonia,ICEV-d,18m,4,3.58E-05
Benzene,ICEV-d,18m,4,1.50E-05
Benzene,ICEV-d,18m,4,6.52E-06
Benzene,ICEV-d,18m,4,6.52E-06
Benzene,ICEV-d,18m,4,7.52E-07
Benzene,ICEV-d,18m,4,3.26E-07
Benzene,ICEV-d,18m,4,3.26E-07
Particulate matters 2.5,ICEV-d,18m,4,0.000690736
Particulate matters 2.5,ICEV-d,18m,4,0.000822497
Particulate matters 2.5,ICEV-d,18m,4,0.000822497
Particulate matters 2.5,ICEV-d,18m,4,4.84E-05
Particulate matters 2.5,ICEV-d,18m,4,3.29E-05
Particulate matters 2.5,ICEV-d,18m,4,3.29E-05
Hydrocarbon,ICEV-d,18m,5,0.001472121
Hydrocarbon,ICEV-d,18m,5,0.000401934
Hydrocarbon,ICEV-d,18m,5,0.000401934
Hydrocarbon,ICEV-d,18m,5,7.36E-05
Hydrocarbon,ICEV-d,18m,5,2.01E-05
Hydrocarbon,ICEV-d,18m,5,2.01E-05
Carbon monoxide,ICEV-d,18m,5,0.014845665
Carbon monoxide,ICEV-d,18m,5,0.041254346
Carbon monoxide,ICEV-d,18m,5,0.041254346
Carbon monoxide,ICEV-d,18m,5,0.002523763
Carbon monoxide,ICEV-d,18m,5,0.007013239
Carbon monoxide,ICEV-d,18m,5,0.007013239
Nitrogen oxides,ICEV-d,18m,5,0.074011959
Nitrogen oxides,ICEV-d,18m,5,0.052221392
Nitrogen oxides,ICEV-d,18m,5,0.133289421
Nitrogen oxides,ICEV-d,18m,5,0.074011959
Nitrogen oxides,ICEV-d,18m,5,0.052221392
Nitrogen oxides,ICEV-d,18m,5,0.133289421
Nitrogen dioxide,ICEV-d,18m,5,0.01554251
Nitrogen dioxide,ICEV-d,18m,5,0.003655497
Nitrogen dioxide,ICEV-d,18m,5,0.00933026
Nitrogen dioxide,ICEV-d,18m,5,0.01850299
Nitrogen dioxide,ICEV-d,18m,5,0.013055348
Nitrogen dioxide,ICEV-d,18m,5,0.033322355
Methane,ICEV-d,18m,5,3.53E-05
Methane,ICEV-d,18m,5,9.65E-06
Methane,ICEV-d,18m,5,9.65E-06
Methane,ICEV-d,18m,5,1.77E-06
Methane,ICEV-d,18m,5,4.82E-07
Methane,ICEV-d,18m,5,4.82E-07
Non-methane hydrocarbon,ICEV-d,18m,5,0.00143679
Non-methane hydrocarbon,ICEV-d,18m,5,0.000392288
Non-methane hydrocarbon,ICEV-d,18m,5,0.000392288
Non-methane hydrocarbon,ICEV-d,18m,5,7.18E-05
Non-methane hydrocarbon,ICEV-d,18m,5,1.96E-05
Non-methane hydrocarbon,ICEV-d,18m,5,1.96E-05
Lead,ICEV-d,18m,5,0
Lead,ICEV-d,18m,5,0
Lead,ICEV-d,18m,5,0
Lead,ICEV-d,18m,5,0
Lead,ICEV-d,18m,5,0
Lead,ICEV-d,18m,5,0
Dinitrogen oxide,ICEV-d,18m,5,0.000651216
Dinitrogen oxide,ICEV-d,18m,5,0.000651216
Dinitrogen oxide,ICEV-d,18m,5,0.000651216
Dinitrogen oxide,ICEV-d,18m,5,0.000651216
Dinitrogen oxide,ICEV-d,18m,5,0.000651216
Dinitrogen oxide,ICEV-d,18m,5,0.000651216
Ammonia,ICEV-d,18m,5,0.000143323
Ammonia,ICEV-d,18m,5,0.000143323
Ammonia,ICEV-d,18m,5,0.000143323
Ammonia,ICEV-d,18m,5,0.000143323
Ammonia,ICEV-d,18m,5,0.000143323
Ammonia,ICEV-d,18m,5,0.000143323
Benzene,ICEV-d,18m,5,2.46E-05
Benzene,ICEV-d,18m,5,6.71E-06
Benzene,ICEV-d,18m,5,6.71E-06
Benzene,ICEV-d,18m,5,1.23E-06
Benzene,ICEV-d,18m,5,3.36E-07
Benzene,ICEV-d,18m,5,3.36E-07
Particulate matters 2.5,ICEV-d,18m,5,0.000537391
Particulate matters 2.5,ICEV-d,18m,5,0.000831055
Particulate matters 2.5,ICEV-d,18m,5,0.000831055
Particulate matters 2.5,ICEV-d,18m,5,3.76E-05
Particulate matters 2.5,ICEV-d,18m,5,3.32E-05
Particulate matters 2.5,ICEV-d,18m,5,3.32E-05
Hydrocarbon,ICEV-d,18m,6,0.000251055
Hydrocarbon,ICEV-d,18m,6,0.000251055
Hydrocarbon,ICEV-d,18m,6,0.000434829
Hydrocarbon,ICEV-d,18m,6,0.000434829
Hydrocarbon,ICEV-d,18m,6,0.000450707
Hydrocarbon,ICEV-d,18m,6,0.000324211
Hydrocarbon,ICEV-d,18m,6,0.000251055
Hydrocarbon,ICEV-d,18m,6,0.000251055
Carbon monoxide,ICEV-d,18m,6,0.002818648
Carbon monoxide,ICEV-d,18m,6,0.002818648
Carbon monoxide,ICEV-d,18m,6,0.001766666
Carbon monoxide,ICEV-d,18m,6,0.001766666
Carbon monoxide,ICEV-d,18m,6,0.009386139
Carbon monoxide,ICEV-d,18m,6,0.033276816
Carbon monoxide,ICEV-d,18m,6,0.002818648
Carbon monoxide,ICEV-d,18m,6,0.002818648
Nitrogen oxides,ICEV-d,18m,6,0.008514025
Nitrogen oxides,ICEV-d,18m,6,0.066060572
Nitrogen oxides,ICEV-d,18m,6,0.001915915
Nitrogen oxides,ICEV-d,18m,6,0.080545571
Nitrogen oxides,ICEV-d,18m,6,0.053629929
Nitrogen oxides,ICEV-d,18m,6,0.042123116
Nitrogen oxides,ICEV-d,18m,6,0.00267353
Nitrogen oxides,ICEV-d,18m,6,0.00267353
Nitrogen dioxide,ICEV-d,18m,6,0.002383927
Nitrogen dioxide,ICEV-d,18m,6,0.01849696
Nitrogen dioxide,ICEV-d,18m,6,0.000536456
Nitrogen dioxide,ICEV-d,18m,6,0.022552759
Nitrogen dioxide,ICEV-d,18m,6,0.013407482
Nitrogen dioxide,ICEV-d,18m,6,0.002948618
Nitrogen dioxide,ICEV-d,18m,6,0.000748589
Nitrogen dioxide,ICEV-d,18m,6,0.000748589
Methane,ICEV-d,18m,6,6.03E-06
Methane,ICEV-d,18m,6,6.03E-06
Methane,ICEV-d,18m,6,1.04E-05
Methane,ICEV-d,18m,6,1.04E-05
Methane,ICEV-d,18m,6,1.08E-05
Methane,ICEV-d,18m,6,7.78E-06
Methane,ICEV-d,18m,6,6.03E-06
Methane,ICEV-d,18m,6,6.03E-06
Non-methane hydrocarbon,ICEV-d,18m,6,0.00024503
Non-methane hydrocarbon,ICEV-d,18m,6,0.00024503
Non-methane hydrocarbon,ICEV-d,18m,6,0.000424393
Non-methane hydrocarbon,ICEV-d,18m,6,0.000424393
Non-methane hydrocarbon,ICEV-d,18m,6,0.00043989
Non-methane hydrocarbon,ICEV-d,18m,6,0.000316429
Non-methane hydrocarbon,ICEV-d,18m,6,0.00024503
Non-methane hydrocarbon,ICEV-d,18m,6,0.00024503
Lead,ICEV-d,18m,6,0
Lead,ICEV-d,18m,6,0
Lead,ICEV-d,18m,6,0
Lead,ICEV-d,18m,6,0
Lead,ICEV-d,18m,6,0
Lead,ICEV-d,18m,6,0
Lead,ICEV-d,18m,6,0
Lead,ICEV-d,18m,6,0
Dinitrogen oxide,ICEV-d,18m,6,0.000419877
Dinitrogen oxide,ICEV-d,18m,6,0.000419877
Dinitrogen oxide,ICEV-d,18m,6,0.000419877
Dinitrogen oxide,ICEV-d,18m,6,0.000419877
Dinitrogen oxide,ICEV-d,18m,6,0.000168349
Dinitrogen oxide,ICEV-d,18m,6,0.000525287
Dinitrogen oxide,ICEV-d,18m,6,0.000419877
Dinitrogen oxide,ICEV-d,18m,6,0.000419877
Ammonia,ICEV-d,18m,6,0.000142813
Ammonia,ICEV-d,18m,6,0.000142813
Ammonia,ICEV-d,18m,6,0.000142813
Ammonia,ICEV-d,18m,6,0.000142813
Ammonia,ICEV-d,18m,6,3.05E-05
Ammonia,ICEV-d,18m,6,0.000115608
Ammonia,ICEV-d,18m,6,0.000142813
Ammonia,ICEV-d,18m,6,0.000142813
Benzene,ICEV-d,18m,6,4.19E-06
Benzene,ICEV-d,18m,6,4.19E-06
Benzene,ICEV-d,18m,6,7.26E-06
Benzene,ICEV-d,18m,6,7.26E-06
Benzene,ICEV-d,18m,6,7.53E-06
Benzene,ICEV-d,18m,6,5.41E-06
Benzene,ICEV-d,18m,6,4.19E-06
Benzene,ICEV-d,18m,6,4.19E-06
Particulate matters 2.5,ICEV-d,18m,6,0.000217561
Particulate matters 2.5,ICEV-d,18m,6,0.000217561
Particulate matters 2.5,ICEV-d,18m,6,3.62E-05
Particulate matters 2.5,ICEV-d,18m,6,3.62E-05
Particulate matters 2.5,ICEV-d,18m,6,0.000381854
Particulate matters 2.5,ICEV-d,18m,6,0.00067035
Particulate matters 2.5,ICEV-d,18m,6,0.000217561
Particulate matters 2.5,ICEV-d,18m,6,0.000217561
Hydrocarbon,ICEV-g,13m-coach,1,0.860369384
Hydrocarbon,ICEV-g,13m-coach,2,0.503070176
Hydrocarbon,ICEV-g,13m-coach,3,0.454975903
Hydrocarbon,ICEV-g,13m-coach,4,0.217845887
Hydrocarbon,ICEV-g,13m-coach,5,0.294681042
Hydrocarbon,ICEV-g,13m-coach,6,0.141432971
Hydrocarbon,ICEV-g,13m-coach-double,1,0.963507533
Hydrocarbon,ICEV-g,13m-coach-double,2,0.561326861
Hydrocarbon,ICEV-g,13m-coach-double,3,0.498879403
Hydrocarbon,ICEV-g,13m-coach-double,4,0.25032869
Hydrocarbon,ICEV-g,13m-coach-double,5,0.343881965
Hydrocarbon,ICEV-g,13m-coach-double,6,0.164714128
Carbon monoxide,ICEV-g,13m-coach,1,2.284344673
Carbon monoxide,ICEV-g,13m-coach,2,1.678317547
Carbon monoxide,ICEV-g,13m-coach,3,2.056438208
Carbon monoxide,ICEV-g,13m-coach,4,0.472539425
Carbon monoxide,ICEV-g,13m-coach,5,0.624555767
Carbon monoxide,ICEV-g,13m-coach,6,0.533761084
Carbon monoxide,ICEV-g,13m-coach-double,1,2.58578825
Carbon monoxide,ICEV-g,13m-coach-double,2,1.868514657
Carbon monoxide,ICEV-g,13m-coach-double,3,2.298843145
Carbon monoxide,ICEV-g,13m-coach-double,4,0.449442059
Carbon monoxide,ICEV-g,13m-coach-double,5,0.728833675
Carbon monoxide,ICEV-g,13m-coach-double,6,0.62162298
Nitrogen oxides,ICEV-g,13m-coach,1,9.868753433
Nitrogen oxides,ICEV-g,13m-coach,2,10.10150337
Nitrogen oxides,ICEV-g,13m-coach,3,7.944385529
Nitrogen oxides,ICEV-g,13m-coach,4,3.125019789
Nitrogen oxides,ICEV-g,13m-coach,5,1.135801911
Nitrogen oxides,ICEV-g,13m-coach,6,0.354329735
Nitrogen oxides,ICEV-g,13m-coach-double,1,11.43112278
Nitrogen oxides,ICEV-g,13m-coach-double,2,11.62235641
Nitrogen oxides,ICEV-g,13m-coach-double,3,9.140799522
Nitrogen oxides,ICEV-g,13m-coach-double,4,3.397946835
Nitrogen oxides,ICEV-g,13m-coach-double,5,1.325439095
Nitrogen oxides,ICEV-g,13m-coach-double,6,0.412655622
Nitrogen dioxide,ICEV-g,13m-coach,1,2.467188358
Nitrogen dioxide,ICEV-g,13m-coach,2,2.525375843
Nitrogen dioxide,ICEV-g,13m-coach,3,1.986096382
Nitrogen dioxide,ICEV-g,13m-coach,4,0.781254947
Nitrogen dioxide,ICEV-g,13m-coach,5,0.283950478
Nitrogen dioxide,ICEV-g,13m-coach,6,0.088582434
Nitrogen dioxide,ICEV-g,13m-coach-double,1,2.857780695
Nitrogen dioxide,ICEV-g,13m-coach-double,2,2.905589104
Nitrogen dioxide,ICEV-g,13m-coach-double,3,2.285199881
Nitrogen dioxide,ICEV-g,13m-coach-double,4,0.849486709
Nitrogen dioxide,ICEV-g,13m-coach-double,5,0.331359774
Nitrogen dioxide,ICEV-g,13m-coach-double,6,0.103163905
Methane,ICEV-g,13m-coach,1,0.791539848
Methane,ICEV-g,13m-coach,2,0.462824583
Methane,ICEV-g,13m-coach,3,0.41857785
Methane,ICEV-g,13m-coach,4,0.200418219
Methane,ICEV-g,13m-coach,5,0.271106571
Methane,ICEV-g,13m-coach,6,0.13011834
Methane,ICEV-g,13m-coach-double,1,0.886426985
Methane,ICEV-g,13m-coach-double,2,0.516420722
Methane,ICEV-g,13m-coach-double,3,0.458969057
Methane,ICEV-g,13m-coach-double,4,0.230302393
Methane,ICEV-g,13m-coach-double,5,0.316371411
Methane,ICEV-g,13m-coach-double,6,0.151537001
Non-methane hydrocarbon,ICEV-g,13m-coach,1,0.068829551
Non-methane hydrocarbon,ICEV-g,13m-coach,2,0.040245615
Non-methane hydrocarbon,ICEV-g,13m-coach,3,0.036398072
Non-methane hydrocarbon,ICEV-g,13m-coach,4,0.017427672
Non-methane hydrocarbon,ICEV-g,13m-coach,5,0.023574483
Non-methane hydrocarbon,ICEV-g,13m-coach,6,0.011314638
Non-methane hydrocarbon,ICEV-g,13m-coach-double,1,0.0770806
Non-methane hydrocarbon,ICEV-g,13m-coach-double,2,0.044906147
Non-methane hydrocarbon,ICEV-g,13m-coach-double,3,0.03991035
Non-methane hydrocarbon,ICEV-g,13m-coach-double,4,0.020026295
Non-methane hydrocarbon,ICEV-g,13m-coach-double,5,0.027510557
Non-methane hydrocarbon,ICEV-g,13m-coach-double,6,0.013177129
Lead,ICEV-g,13m-coach,1,0
Lead,ICEV-g,13m-coach,2,0
Lead,ICEV-g,13m-coach,3,0
Lead,ICEV-g,13m-coach,4,0
Lead,ICEV-g,13m-coach,5,0
Lead,ICEV-g,13m-coach,6,0
Lead,ICEV-g,13m-coach-double,1,0
Lead,ICEV-g,13m-coach-double,2,0
Lead,ICEV-g,13m-coach-double,3,0
Lead,ICEV-g,13m-coach-double,4,0
Lead,ICEV-g,13m-coach-double,5,0
Lead,ICEV-g,13m-coach-double,6,0
Benzene,ICEV-g,13m-coach,1,0
Benzene,ICEV-g,13m-coach,2,0
Benzene,ICEV-g,13m-coach,3,0
Benzene,ICEV-g,13m-coach,4,0
Benzene,ICEV-g,13m-coach,5,0
Benzene,ICEV-g,13m-coach,6,0
Benzene,ICEV-g,13m-coach-double,1,0
Benzene,ICEV-g,13m-coach-double,2,0
Benzene,ICEV-g,13m-coach-double,3,0
Benzene,ICEV-g,13m-coach-double,4,0
Benzene,ICEV-g,13m-coach-double,5,0
Benzene,ICEV-g,13m-coach-double,6,0
Particulate matters 2.5,ICEV-g,13m-coach,1,0.521555305
Particulate matters 2.5,ICEV-g,13m-coach,2,0.187757641
Particulate matters 2.5,ICEV-g,13m-coach,3,0.204868734
Particulate matters 2.5,ICEV-g,13m-coach,4,0.049982052
Particulate matters 2.5,ICEV-g,13m-coach,5,0.00487324
Particulate matters 2.5,ICEV-g,13m-coach,6,0.004777239
Particulate matters 2.5,ICEV-g,13m-coach-double,1,0.595431387
Particulate matters 2.5,ICEV-g,13m-coach-double,2,0.21581836
Particulate matters 2.5,ICEV-g,13m-coach-double,3,0.22968629
Particulate matters 2.5,ICEV-g,13m-coach-double,4,0.054450836
Particulate matters 2.5,ICEV-g,13m-coach-double,5,0.005686893
Particulate matters 2.5,ICEV-g,13m-coach-double,6,0.005563615
Hydrocarbon,ICEV-d,13m-coach,1,0.767091155
Hydrocarbon,ICEV-d,13m-coach-double,1,0.859047472
Carbon monoxide,ICEV-d,13m-coach,1,2.192087889
Carbon monoxide,ICEV-d,13m-coach-double,1,2.481357098
Nitrogen oxides,ICEV-d,13m-coach,1,9.483465195
Nitrogen oxides,ICEV-d,13m-coach-double,1,10.98483849
Nitrogen dioxide,ICEV-d,13m-coach,1,0.663842618
Nitrogen dioxide,ICEV-d,13m-coach-double,1,0.768938661
Methane,ICEV-d,13m-coach,1,0.018410189
Methane,ICEV-d,13m-coach-double,1,0.020617139
Non-methane hydrocarbon,ICEV-d,13m-coach,1,0.748681009
Non-methane hydrocarbon,ICEV-d,13m-coach-double,1,0.838430345
Lead,ICEV-d,13m-coach,1,0
Lead,ICEV-d,13m-coach-double,1,0
Dinitrogen oxide,ICEV-d,13m-coach,1,0.008648003
Dinitrogen oxide,ICEV-d,13m-coach-double,1,0.008648003
Ammonia,ICEV-d,13m-coach,1,0.0029
Ammonia,ICEV-d,13m-coach-double,1,0.0029
Benzene,ICEV-d,13m-coach,1,0.012810422
Benzene,ICEV-d,13m-coach-double,1,0.014346092
Particulate matters 2.5,ICEV-d,13m-coach,1,0.456261158
Particulate matters 2.5,ICEV-d,13m-coach-double,1,0.520888627
Hydrocarbon,ICEV-d,13m-coach,2,0.470692754
Hydrocarbon,ICEV-d,13m-coach-double,2,0.525200009
Carbon monoxide,ICEV-d,13m-coach,2,1.636188984
Carbon monoxide,ICEV-d,13m-coach-double,2,1.821611881
Nitrogen oxides,ICEV-d,13m-coach,2,9.919013977
Nitrogen oxides,ICEV-d,13m-coach-double,2,11.41239166
Nitrogen dioxide,ICEV-d,13m-coach,2,0.69433099
Nitrogen dioxide,ICEV-d,13m-coach-double,2,0.798867464
Methane,ICEV-d,13m-coach,2,0.011296626
Methane,ICEV-d,13m-coach-double,2,0.012604801
Non-methane hydrocarbon,ICEV-d,13m-coach,2,0.459396124
Non-methane hydrocarbon,ICEV-d,13m-coach-double,2,0.512595236
Lead,ICEV-d,13m-coach,2,0
Lead,ICEV-d,13m-coach-double,2,0
Dinitrogen oxide,ICEV-d,13m-coach,2,0.008400653
Dinitrogen oxide,ICEV-d,13m-coach-double,2,0.008400653
Ammonia,ICEV-d,13m-coach,2,0.0029
Ammonia,ICEV-d,13m-coach-double,2,0.0029
Benzene,ICEV-d,13m-coach,2,0.007860568
Benzene,ICEV-d,13m-coach-double,2,0.00877084
Particulate matters 2.5,ICEV-d,13m-coach,2,0.17998074
Particulate matters 2.5,ICEV-d,13m-coach-double,2,0.206879184
Hydrocarbon,ICEV-d,13m-coach,3,0.439035535
Hydrocarbon,ICEV-d,13m-coach-double,3,0.481400847
Carbon monoxide,ICEV-d,13m-coach,3,2.019206762
Carbon monoxide,ICEV-d,13m-coach-double,3,2.257223129
Nitrogen oxides,ICEV-d,13m-coach,3,7.829161167
Nitrogen oxides,ICEV-d,13m-coach-double,3,9.008223534
Nitrogen dioxide,ICEV-d,13m-coach,3,0.548041284
Nitrogen dioxide,ICEV-d,13m-coach-double,3,0.630575597
Methane,ICEV-d,13m-coach,3,0.010536853
Methane,ICEV-d,13m-coach-double,3,0.011553621
Non-methane hydrocarbon,ICEV-d,13m-coach,3,0.428498685
Non-methane hydrocarbon,ICEV-d,13m-coach-double,3,0.469847232
Lead,ICEV-d,13m-coach,3,0
Lead,ICEV-d,13m-coach-double,3,0
Dinitrogen oxide,ICEV-d,13m-coach,3,0.00475265
Dinitrogen oxide,ICEV-d,13m-coach-double,3,0.00475265
Ammonia,ICEV-d,13m-coach,3,0.0029
Ammonia,ICEV-d,13m-coach-double,3,0.0029
Benzene,ICEV-d,13m-coach,3,0.007331893
Benzene,ICEV-d,13m-coach-double,3,0.008039394
Particulate matters 2.5,ICEV-d,13m-coach,3,0.202010006
Particulate matters 2.5,ICEV-d,13m-coach-double,3,0.226481259
Hydrocarbon,ICEV-d,13m-coach,4,0.060006935
Hydrocarbon,ICEV-d,13m-coach,4,0.024766238
Hydrocarbon,ICEV-d,13m-coach,4,0.024766238
Hydrocarbon,ICEV-d,13m-coach-double,4,0.069460995
Hydrocarbon,ICEV-d,13m-coach-double,4,0.029430283
Hydrocarbon,ICEV-d,13m-coach-double,4,0.029430283
Carbon monoxide,ICEV-d,13m-coach,4,1.193456411
Carbon monoxide,ICEV-d,13m-coach,4,2.975002289
Carbon monoxide,ICEV-d,13m-coach,4,2.975002289
Carbon monoxide,ICEV-d,13m-coach-double,4,1.296883345
Carbon monoxide,ICEV-d,13m-coach-double,4,3.038818121
Carbon monoxide,ICEV-d,13m-coach-double,4,3.038818121
Nitrogen oxides,ICEV-d,13m-coach,4,6.522427082
Nitrogen oxides,ICEV-d,13m-coach,4,5.118064404
Nitrogen oxides,ICEV-d,13m-coach,4,9.399634361
Nitrogen oxides,ICEV-d,13m-coach-double,4,7.264609814
Nitrogen oxides,ICEV-d,13m-coach-double,4,5.909165859
Nitrogen oxides,ICEV-d,13m-coach-double,4,10.94161034
Nitrogen dioxide,ICEV-d,13m-coach,4,1.369709611
Nitrogen dioxide,ICEV-d,13m-coach,4,0.358264506
Nitrogen dioxide,ICEV-d,13m-coach,4,0.657974362
Nitrogen dioxide,ICEV-d,13m-coach-double,4,1.525568008
Nitrogen dioxide,ICEV-d,13m-coach-double,4,0.413641632
Nitrogen dioxide,ICEV-d,13m-coach-double,4,0.765912712
Methane,ICEV-d,13m-coach,4,0.001440166
Methane,ICEV-d,13m-coach,4,0.00059439
Methane,ICEV-d,13m-coach,4,0.00059439
Methane,ICEV-d,13m-coach-double,4,0.001667064
Methane,ICEV-d,13m-coach-double,4,0.000706327
Methane,ICEV-d,13m-coach-double,4,0.000706327
Non-methane hydrocarbon,ICEV-d,13m-coach,4,0.058566771
Non-methane hydrocarbon,ICEV-d,13m-coach,4,0.024171848
Non-methane hydrocarbon,ICEV-d,13m-coach,4,0.024171848
Non-methane hydrocarbon,ICEV-d,13m-coach-double,4,0.067793928
Non-methane hydrocarbon,ICEV-d,13m-coach-double,4,0.028723957
Non-methane hydrocarbon,ICEV-d,13m-coach-double,4,0.028723957
Lead,ICEV-d,13m-coach,4,0
Lead,ICEV-d,13m-coach,4,0
Lead,ICEV-d,13m-coach,4,0
Lead,ICEV-d,13m-coach-double,4,0
Lead,ICEV-d,13m-coach-double,4,0
Lead,ICEV-d,13m-coach-double,4,0
Dinitrogen oxide,ICEV-d,13m-coach,4,0.013020847
Dinitrogen oxide,ICEV-d,13m-coach,4,0.013020847
Dinitrogen oxide,ICEV-d,13m-coach,4,0.013020847
Dinitrogen oxide,ICEV-d,13m-coach-double,4,0.013020847
Dinitrogen oxide,ICEV-d,13m-coach-double,4,0.013020847
Dinitrogen oxide,ICEV-d,13m-coach-double,4,0.013020847
Ammonia,ICEV-d,13m-coach,4,0.0029
Ammonia,ICEV-d,13m-coach,4,0.0029
Ammonia,ICEV-d,13m-coach,4,0.0029
Ammonia,ICEV-d,13m-coach-double,4,0.0029
Ammonia,ICEV-d,13m-coach-double,4,0.0029
Ammonia,ICEV-d,13m-coach-double,4,0.0029
Benzene,ICEV-d,13m-coach,4,0.001002116
Benzene,ICEV-d,13m-coach,4,0.000413596
Benzene,ICEV-d,13m-coach,4,0.000413596
Benzene,ICEV-d,13m-coach-double,4,0.001159999
Benzene,ICEV-d,13m-coach-double,4,0.000491486
Benzene,ICEV-d,13m-coach-double,4,0.000491486
Particulate matters 2.5,ICEV-d,13m-coach,4,0.049959712
Particulate matters 2.5,ICEV-d,13m-coach,4,0.058071751
Particulate matters 2.5,ICEV-d,13m-coach,4,0.058071751
Particulate matters 2.5,ICEV-d,13m-coach-double,4,0.054426499
Particulate matters 2.5,ICEV-d,13m-coach-double,4,0.062355071
Particulate matters 2.5,ICEV-d,13m-coach-double,4,0.062355071
Hydrocarbon,ICEV-d,13m-coach,5,0.108922943
Hydrocarbon,ICEV-d,13m-coach,5,0.025357978
Hydrocarbon,ICEV-d,13m-coach,5,0.025357978
Hydrocarbon,ICEV-d,13m-coach-double,5,0.125164345
Hydrocarbon,ICEV-d,13m-coach-double,5,0.030236365
Hydrocarbon,ICEV-d,13m-coach-double,5,0.030236365
Carbon monoxide,ICEV-d,13m-coach,5,0.94507885
Carbon monoxide,ICEV-d,13m-coach,5,2.784600735
Carbon monoxide,ICEV-d,13m-coach,5,2.784600735
Carbon monoxide,ICEV-d,13m-coach-double,5,0.898884118
Carbon monoxide,ICEV-d,13m-coach-double,5,2.791426897
Carbon monoxide,ICEV-d,13m-coach-double,5,2.791426897
Nitrogen oxides,ICEV-d,13m-coach,5,5.208365917
Nitrogen oxides,ICEV-d,13m-coach,5,3.86416626
Nitrogen oxides,ICEV-d,13m-coach,5,9.570486069
Nitrogen oxides,ICEV-d,13m-coach-double,5,5.663244724
Nitrogen oxides,ICEV-d,13m-coach-double,5,4.440684795
Nitrogen oxides,ICEV-d,13m-coach-double,5,11.148386
Nitrogen dioxide,ICEV-d,13m-coach,5,1.093756795
Nitrogen dioxide,ICEV-d,13m-coach,5,0.27049163
Nitrogen dioxide,ICEV-d,13m-coach,5,0.669934034
Nitrogen dioxide,ICEV-d,13m-coach-double,5,1.189281344
Nitrogen dioxide,ICEV-d,13m-coach-double,5,0.310847938
Nitrogen dioxide,ICEV-d,13m-coach-double,5,0.780387044
Methane,ICEV-d,13m-coach,5,0.002614151
Methane,ICEV-d,13m-coach,5,0.000608591
Methane,ICEV-d,13m-coach,5,0.000608591
Methane,ICEV-d,13m-coach-double,5,0.003003944
Methane,ICEV-d,13m-coach-double,5,0.000725673
Methane,ICEV-d,13m-coach-double,5,0.000725673
Non-methane hydrocarbon,ICEV-d,13m-coach,5,0.106308796
Non-methane hydrocarbon,ICEV-d,13m-coach,5,0.024749387
Non-methane hydrocarbon,ICEV-d,13m-coach,5,0.024749387
Non-methane hydrocarbon,ICEV-d,13m-coach-double,5,0.122160397
Non-methane hydrocarbon,ICEV-d,13m-coach-double,5,0.029510694
Non-methane hydrocarbon,ICEV-d,13m-coach-double,5,0.029510694
Lead,ICEV-d,13m-coach,5,0
Lead,ICEV-d,13m-coach,5,0
Lead,ICEV-d,13m-coach,5,0
Lead,ICEV-d,13m-coach-double,5,0
Lead,ICEV-d,13m-coach-double,5,0
Lead,ICEV-d,13m-coach-double,5,0
Dinitrogen oxide,ICEV-d,13m-coach,5,0.037825439
Dinitrogen oxide,ICEV-d,13m-coach,5,0.037825439
Dinitrogen oxide,ICEV-d,13m-coach,5,0.037825439
Dinitrogen oxide,ICEV-d,13m-coach-double,5,0.037825439
Dinitrogen oxide,ICEV-d,13m-coach-double,5,0.037825439
Dinitrogen oxide,ICEV-d,13m-coach-double,5,0.037825439
Ammonia,ICEV-d,13m-coach,5,0.011
Ammonia,ICEV-d,13m-coach,5,0.011
Ammonia,ICEV-d,13m-coach,5,0.011
Ammonia,ICEV-d,13m-coach-double,5,0.011
Ammonia,ICEV-d,13m-coach-double,5,0.011
Ammonia,ICEV-d,13m-coach-double,5,0.011
Benzene,ICEV-d,13m-coach,5,0.001819013
Benzene,ICEV-d,13m-coach,5,0.000423478
Benzene,ICEV-d,13m-coach,5,0.000423478
Benzene,ICEV-d,13m-coach-double,5,0.002090244
Benzene,ICEV-d,13m-coach-double,5,0.000504947
Benzene,ICEV-d,13m-coach-double,5,0.000504947
Particulate matters 2.5,ICEV-d,13m-coach,5,0.033618409
Particulate matters 2.5,ICEV-d,13m-coach,5,0.058432166
Particulate matters 2.5,ICEV-d,13m-coach,5,0.058432166
Particulate matters 2.5,ICEV-d,13m-coach-double,5,0.041640576
Particulate matters 2.5,ICEV-d,13m-coach-double,5,0.062340822
Particulate matters 2.5,ICEV-d,13m-coach-double,5,0.062340822
Hydrocarbon,ICEV-d,13m-coach,6,0.022769615
Hydrocarbon,ICEV-d,13m-coach,6,0.022769615
Hydrocarbon,ICEV-d,13m-coach,6,0.036838766
Hydrocarbon,ICEV-d,13m-coach,6,0.036838766
Hydrocarbon,ICEV-d,13m-coach-double,6,0.025787912
Hydrocarbon,ICEV-d,13m-coach-double,6,0.025787912
Hydrocarbon,ICEV-d,13m-coach-double,6,0.041874636
Hydrocarbon,ICEV-d,13m-coach-double,6,0.041874636
Carbon monoxide,ICEV-d,13m-coach,6,0.244870484
Carbon monoxide,ICEV-d,13m-coach,6,0.244870484
Carbon monoxide,ICEV-d,13m-coach,6,0.163017035
Carbon monoxide,ICEV-d,13m-coach,6,0.163017035
Carbon monoxide,ICEV-d,13m-coach-double,6,0.258233607
Carbon monoxide,ICEV-d,13m-coach-double,6,0.258233607
Carbon monoxide,ICEV-d,13m-coach-double,6,0.109746948
Carbon monoxide,ICEV-d,13m-coach-double,6,0.109746948
Nitrogen oxides,ICEV-d,13m-coach,6,0.601886451
Nitrogen oxides,ICEV-d,13m-coach,6,5.39611721
Nitrogen oxides,ICEV-d,13m-coach,6,0.232087195
Nitrogen oxides,ICEV-d,13m-coach,6,7.108923912
Nitrogen oxides,ICEV-d,13m-coach-double,6,0.72366792
Nitrogen oxides,ICEV-d,13m-coach-double,6,6.394268036
Nitrogen oxides,ICEV-d,13m-coach-double,6,0.258189917
Nitrogen oxides,ICEV-d,13m-coach-double,6,8.377319336
Nitrogen dioxide,ICEV-d,13m-coach,6,0.168528199
Nitrogen dioxide,ICEV-d,13m-coach,6,1.510912895
Nitrogen dioxide,ICEV-d,13m-coach,6,0.064984418
Nitrogen dioxide,ICEV-d,13m-coach,6,1.990498662
Nitrogen dioxide,ICEV-d,13m-coach-double,6,0.202627018
Nitrogen dioxide,ICEV-d,13m-coach-double,6,1.790395141
Nitrogen dioxide,ICEV-d,13m-coach-double,6,0.072293177
Nitrogen dioxide,ICEV-d,13m-coach-double,6,2.345649481
Methane,ICEV-d,13m-coach,6,0.000546471
Methane,ICEV-d,13m-coach,6,0.000546471
Methane,ICEV-d,13m-coach,6,0.00088413
Methane,ICEV-d,13m-coach,6,0.00088413
Methane,ICEV-d,13m-coach-double,6,0.00061891
Methane,ICEV-d,13m-coach-double,6,0.00061891
Methane,ICEV-d,13m-coach-double,6,0.001004991
Methane,ICEV-d,13m-coach-double,6,0.001004991
Non-methane hydrocarbon,ICEV-d,13m-coach,6,0.022223143
Non-methane hydrocarbon,ICEV-d,13m-coach,6,0.022223143
Non-methane hydrocarbon,ICEV-d,13m-coach,6,0.035954636
Non-methane hydrocarbon,ICEV-d,13m-coach,6,0.035954636
Non-methane hydrocarbon,ICEV-d,13m-coach-double,6,0.025169002
Non-methane hydrocarbon,ICEV-d,13m-coach-double,6,0.025169002
Non-methane hydrocarbon,ICEV-d,13m-coach-double,6,0.040869646
Non-methane hydrocarbon,ICEV-d,13m-coach-double,6,0.040869646
Lead,ICEV-d,13m-coach,6,0
Lead,ICEV-d,13m-coach,6,0
Lead,ICEV-d,13m-coach,6,0
Lead,ICEV-d,13m-coach,6,0
Lead,ICEV-d,13m-coach-double,6,0
Lead,ICEV-d,13m-coach-double,6,0
Lead,ICEV-d,13m-coach-double,6,0
Lead,ICEV-d,13m-coach-double,6,0
Dinitrogen oxide,ICEV-d,13m-coach,6,0.0363838
Dinitrogen oxide,ICEV-d,13m-coach,6,0.0363838
Dinitrogen oxide,ICEV-d,13m-coach,6,0.0363838
Dinitrogen oxide,ICEV-d,13m-coach,6,0.0363838
Dinitrogen oxide,ICEV-d,13m-coach-double,6,0.0363838
Dinitrogen oxide,ICEV-d,13m-coach-double,6,0.0363838
Dinitrogen oxide,ICEV-d,13m-coach-double,6,0.0363838
Dinitrogen oxide,ICEV-d,13m-coach-double,6,0.0363838
Ammonia,ICEV-d,13m-coach,6,0.010802997
Ammonia,ICEV-d,13m-coach,6,0.010802997
Ammonia,ICEV-d,13m-coach,6,0.010802997
Ammonia,ICEV-d,13m-coach,6,0.010802997
Ammonia,ICEV-d,13m-coach-double,6,0.012394339
Ammonia,ICEV-d,13m-coach-double,6,0.012394339
Ammonia,ICEV-d,13m-coach-double,6,0.012394339
Ammonia,ICEV-d,13m-coach-double,6,0.012394339
Benzene,ICEV-d,13m-coach,6,0.000380253
Benzene,ICEV-d,13m-coach,6,0.000380253
Benzene,ICEV-d,13m-coach,6,0.000615207
Benzene,ICEV-d,13m-coach,6,0.000615207
Benzene,ICEV-d,13m-coach-double,6,0.000430658
Benzene,ICEV-d,13m-coach-double,6,0.000430658
Benzene,ICEV-d,13m-coach-double,6,0.000699306
Benzene,ICEV-d,13m-coach-double,6,0.000699306
Particulate matters 2.5,ICEV-d,13m-coach,6,0.012423153
Particulate matters 2.5,ICEV-d,13m-coach,6,0.012423153
Particulate matters 2.5,ICEV-d,13m-coach,6,0.00315794
Particulate matters 2.5,ICEV-d,13m-coach,6,0.00315794
Particulate matters 2.5,ICEV-d,13m-coach-double,6,0.013707838
Particulate matters 2.5,ICEV-d,13m-coach-double,6,0.013707838
Particulate matters 2.5,ICEV-d,13m-coach-double,6,0.003693544
Particulate matters 2.5,ICEV-d,13m-coach-double,6,0.003693544